video_title,video_title_mv_official
SECHSKIES - 'ALL FOR YOU' M/V TEASER,SECHSKIES - 'ALL FOR YOU' M/V
EUN JIWON(은지원) - ‘불나방 (I’M ON FIRE) (Feat. Blue.D)’ M/V TEASER,EUN JIWON(은지원) - '불나방 (I’M ON FIRE) (Feat. Blue.D)' M/V
SECHSKIES - ‘웃어줘(SMILE)’ M/V TEASER,SECHSKIES - ‘웃어줘(SMILE)’ M/V
SECHSKIES - ‘특별해(SOMETHING SPECIAL)’ M/V TEASER,SECHSKIES - ‘특별해(SOMETHING SPECIAL)’ M/V
TREASURE - 'HELLO' M/V TEASER,TREASURE - ‘HELLO’ M/V
TREASURE - '직진 (JIKJIN)' M/V TEASER,TREASURE - '직진 (JIKJIN)' M/V
TREASURE - ‘MY TREASURE’ M/V TEASER,TREASURE - ‘MY TREASURE’ M/V
TREASURE - '사랑해 (I LOVE YOU)' M/V TEASER,TREASURE - ‘사랑해 (I LOVE YOU)’ M/V
TREASURE - 'BOY' M/V TEASER,TREASURE - 'BOY' M/V
진 (Jin) 'The Astronaut' Official Teaser,진 (Jin) 'The Astronaut' Official MV
ENHYPEN (엔하이픈) 'Future Perfect (Pass the MIC) [Japanese Ver.]'  Official Teaser 2,ENHYPEN (엔하이픈) 'Future Perfect (Pass the MIC) [Japanese Ver.]' Official MV
ENHYPEN (엔하이픈) 'Future Perfect (Pass the MIC) [Japanese Ver.]'  Official Teaser 1,ENHYPEN (엔하이픈) 'Future Perfect (Pass the MIC) [Japanese Ver.]' Official MV
LE SSERAFIM (르세라핌) 'ANTIFRAGILE' M/V TEASER 2,LE SSERAFIM (르세라핌) 'ANTIFRAGILE' OFFICIAL M/V
LE SSERAFIM (르세라핌) 'ANTIFRAGILE' M/V TEASER 1,LE SSERAFIM (르세라핌) 'ANTIFRAGILE' OFFICIAL M/V
백호 (BAEKHO) 'No Rules' Official Teaser,백호 (BAEKHO) 'No Rules' Official MV
TXT (투모로우바이투게더) 'Good Boy Gone Bad [Japanese Ver.]' Official Teaser 2,TXT (투모로우바이투게더) 'Good Boy Gone Bad [Japanese Ver.]' Official MV
TXT (투모로우바이투게더) 'Good Boy Gone Bad [Japanese Ver.]' Official Teaser 1,TXT (투모로우바이투게더) 'Good Boy Gone Bad [Japanese Ver.]' Official MV
ZICO (지코) '괴짜 (Freak)' MV Teaser,ZICO (지코) '괴짜 (Freak)' Official MV
ZICO (지코) '괴짜 (Freak)' MV Teaser,ZICO (지코) '괴짜 (Freak)' Official MV
ENHYPEN (엔하이픈) 'ParadoXXX Invasion' Official Teaser 2,ENHYPEN (엔하이픈) 'ParadoXXX Invasion' Official MV
ZICO (지코) 'SEOUL DRIFT' MV Teaser,ZICO (지코) 'SEOUL DRIFT' Official MV
ZICO (지코) 'SEOUL DRIFT' MV Teaser,ZICO (지코) 'SEOUL DRIFT' Official MV
ENHYPEN (엔하이픈) 'ParadoXXX Invasion' Official Teaser 1,ENHYPEN (엔하이픈) 'ParadoXXX Invasion' Official MV
SEVENTEEN (세븐틴) '_WORLD' Official Teaser 2,SEVENTEEN (세븐틴) '_WORLD' Official MV (Eye Contact Ver.)
SEVENTEEN (세븐틴) '_WORLD' Official Teaser 1,SEVENTEEN (세븐틴) '_WORLD' Official MV (Eye Contact Ver.)
j-hope '방화 (Arson)' Official Teaser,j-hope '방화 (Arson)' Official MV
SVT LEADERS 'CHEERS' Official Teaser,SVT LEADERS 'CHEERS' Official MV (Choreography Version)
ENHYPEN (엔하이픈) 'Future Perfect (Pass the MIC)' Official Teaser 2,ENHYPEN (엔하이픈) 'Future Perfect (Pass the MIC) [Japanese Ver.]' Official MV
ENHYPEN (엔하이픈) 'Future Perfect (Pass the MIC)' Official Teaser 1,ENHYPEN (엔하이픈) 'Future Perfect (Pass the MIC) [Japanese Ver.]' Official MV
j-hope 'MORE' Official Teaser,j-hope 'MORE' Official MV
&AUDITION 'The Final Countdown' Official Teaser,&AUDITION 'The Final Countdown' Official MV
fromis_9 (프로미스나인) 'Stay This Way' Official Teaser,fromis_9 (프로미스나인) 'Stay This Way' Official MV
BTS (방탄소년단) 'Yet To Come (The Most Beautiful Moment)' Official Teaser,BTS (방탄소년단) 'Yet To Come (The Most Beautiful Moment)' Official MV
Dvwn (다운) 'lost' MV Teaser,Dvwn (다운) 'lost' Official MV
SEVENTEEN (세븐틴) 'HOT' Official Teaser 2,SEVENTEEN (세븐틴) 'HOT' Official MV
SEVENTEEN (세븐틴) 'HOT' Official Teaser 1,SEVENTEEN (세븐틴) 'HOT' Official MV
TXT (투모로우바이투게더) 'Good Boy Gone Bad' Official Teaser,TXT (투모로우바이투게더) 'Good Boy Gone Bad [Japanese Ver.]' Official MV
TXT (투모로우바이투게더) 'Good Boy Gone Bad' Official Teaser - 휴닝카이 (HUENINGKAI),TXT (투모로우바이투게더) 'Good Boy Gone Bad [Japanese Ver.]' Official MV
TXT (투모로우바이투게더) 'Good Boy Gone Bad' Official Teaser - 태현 (TAEHYUN),TXT (투모로우바이투게더) 'Good Boy Gone Bad [Japanese Ver.]' Official MV
TXT (투모로우바이투게더) 'Good Boy Gone Bad' Official Teaser - 범규 (BEOMGYU),TXT (투모로우바이투게더) 'Good Boy Gone Bad [Japanese Ver.]' Official MV
TXT (투모로우바이투게더) 'Good Boy Gone Bad' Official Teaser - 연준 (YEONJUN),TXT (투모로우바이투게더) 'Good Boy Gone Bad [Japanese Ver.]' Official MV
TXT (투모로우바이투게더) 'Good Boy Gone Bad' Official Teaser - 수빈 (SOOBIN),TXT (투모로우바이투게더) 'Good Boy Gone Bad [Japanese Ver.]' Official MV
LE SSERAFIM FEARLESS M/V TEASER 2,LE SSERAFIM FEARLESS OFFICIAL M/V
LE SSERAFIM FEARLESS M/V TEASER 1,LE SSERAFIM FEARLESS OFFICIAL M/V
ENHYPEN (엔하이픈) 'Tamed-Dashed [Japanese Ver.]' Official Teaser 2,ENHYPEN (엔하이픈) 'Tamed-Dashed [Japanese Ver.]' Official MV
ENHYPEN (엔하이픈) 'Tamed-Dashed [Japanese Ver.]' Official Teaser 1,ENHYPEN (엔하이픈) 'Tamed-Dashed [Japanese Ver.]' Official MV
SEVENTEEN (세븐틴) 'Darl+ing' Official Teaser,SEVENTEEN (세븐틴) 'Darl+ing' Official MV
THE 8 ‘海城 (Hai Cheng)’ Official Teaser,THE 8 '海城 (Hai Cheng)' Official MV
fromis_9 (프로미스나인) 'DM' Official Teaser 2,fromis_9 (프로미스나인) 'DM' Official MV
fromis_9 (프로미스나인) 'DM' Official Teaser 1,fromis_9 (프로미스나인) 'DM' Official MV
ENHYPEN (엔하이픈) 'Blessed-Cursed' Official Teaser 2,ENHYPEN (엔하이픈) 'Blessed-Cursed' Official MV (Choreography ver.)
ENHYPEN (엔하이픈) 'Blessed-Cursed' Official Teaser 1 - 제이 (JAY),ENHYPEN (엔하이픈) 'Blessed-Cursed' Official MV (Choreography ver.)
ENHYPEN (엔하이픈) 'Blessed-Cursed' Official Teaser 1 - 선우 (SUNOO),ENHYPEN (엔하이픈) 'Blessed-Cursed' Official MV (Choreography ver.)
ENHYPEN (엔하이픈) 'Blessed-Cursed' Official Teaser 1 - 성훈 (SUNGHOON),ENHYPEN (엔하이픈) 'Blessed-Cursed' Official MV (Choreography ver.)
ENHYPEN (엔하이픈) 'Blessed-Cursed' Official Teaser 1 - 제이크 (JAKE),ENHYPEN (엔하이픈) 'Blessed-Cursed' Official MV (Choreography ver.)
ENHYPEN (엔하이픈) 'Blessed-Cursed' Official Teaser 1 - 니키 (NI-KI),ENHYPEN (엔하이픈) 'Blessed-Cursed' Official MV (Choreography ver.)
ENHYPEN (엔하이픈) 'Blessed-Cursed' Official Teaser 1 - 희승 (HEESEUNG),ENHYPEN (엔하이픈) 'Blessed-Cursed' Official MV (Choreography ver.)
ENHYPEN (엔하이픈) 'Blessed-Cursed' Official Teaser 1 - 정원 (JUNGWON),ENHYPEN (엔하이픈) 'Blessed-Cursed' Official MV (Choreography ver.)
WOOZI ‘Ruby’ Official Teaser,WOOZI 'Ruby' Official MV
SEVENTEEN (세븐틴) ’あいのちから’ (아이노치카라_사랑의 힘) Official Teaser,SEVENTEEN (세븐틴) ’あいのちから’ (아이노치카라_사랑의 힘) Official MV
TXT (투모로우바이투게더) '0X1=LOVESONG (I Know I Love You) feat. Ikuta Lilas [Japanese Ver.]' Official Teaser,TXT (투모로우바이투게더) '0X1=LOVESONG (I Know I Love You) feat. Ikuta Lilas [Japanese Ver.]' Official MV
SEVENTEEN (세븐틴) 'Rock with you' Official Teaser 2,SEVENTEEN (세븐틴) 'Rock with you' Official MV (Choreography Version)
SEVENTEEN (세븐틴) 'Rock with you' Official Teaser 1,SEVENTEEN (세븐틴) 'Rock with you' Official MV (Choreography Version)
ENHYPEN (엔하이픈) 'Tamed-Dashed' Official Teaser 2,ENHYPEN (엔하이픈) 'Tamed-Dashed [Japanese Ver.]' Official MV
ENHYPEN (엔하이픈) 'Tamed-Dashed' Official Teaser 1,ENHYPEN (엔하이픈) 'Tamed-Dashed [Japanese Ver.]' Official MV
fromis_9 (프로미스나인) 'Talk & Talk' Official Teaser 2,fromis_9 (프로미스나인) 'Talk & Talk' Official MV
fromis_9 (프로미스나인) 'Talk & Talk' Official Teaser 1,fromis_9 (프로미스나인) 'Talk & Talk' Official MV
TXT (투모로우바이투게더) 'LO$ER=LO♡ER' Official Teaser,TXT (투모로우바이투게더) 'LO$ER=LO♡ER' Official MV (Choreography ver.)
TXT (투모로우바이투게더) 'LO$ER=LO♡ER' Official Teaser - 휴닝카이 (HUENINGKAI),TXT (투모로우바이투게더) 'LO$ER=LO♡ER' Official MV (Choreography ver.)
TXT (투모로우바이투게더) 'LO$ER=LO♡ER' Official Teaser - 태현 (TAEHYUN),TXT (투모로우바이투게더) 'LO$ER=LO♡ER' Official MV (Choreography ver.)
TXT (투모로우바이투게더) 'LO$ER=LO♡ER' Official Teaser - 범규 (BEOMGYU),TXT (투모로우바이투게더) 'LO$ER=LO♡ER' Official MV (Choreography ver.)
TXT (투모로우바이투게더) 'LO$ER=LO♡ER' Official Teaser - 연준 (YEONJUN),TXT (투모로우바이투게더) 'LO$ER=LO♡ER' Official MV (Choreography ver.)
TXT (투모로우바이투게더) 'LO$ER=LO♡ER' Official Teaser - 수빈 (SOOBIN),TXT (투모로우바이투게더) 'LO$ER=LO♡ER' Official MV (Choreography ver.)
SEVENTEEN (세븐틴) 슬기로운 의사생활 시즌2 OST Part 8 '여전히 아름다운지' Official Teaser,SEVENTEEN (세븐틴) 슬기로운 의사생활 시즌2 OST Part 8 '여전히 아름다운지' Official MV
BTS (방탄소년단) 'Permission to Dance' Official Teaser,BTS (방탄소년단) 'Permission to Dance' Official MV
ENHYPEN (엔하이픈) 'Given-Taken [Japanese Ver.]' Official Teaser,ENHYPEN (엔하이픈) 'Given-Taken [Japanese Ver.]' Official MV
SEVENTEEN (세븐틴) 'Ready to love' Official Teaser 2,SEVENTEEN (세븐틴) 'Ready to love' Official MV
SEVENTEEN (세븐틴) 'Ready to love' Official Teaser 1,SEVENTEEN (세븐틴) 'Ready to love' Official MV
TXT (투모로우바이투게더) 'Magic' Official Teaser,TXT (투모로우바이투게더) 'Magic' Official MV
TXT (투모로우바이투게더) '0X1=LOVESONG (I Know I Love You) feat. Seori' Official Teaser 2,TXT (투모로우바이투게더) '0X1=LOVESONG (I Know I Love You) feat. Seori' Official MV (Choreo Close-up ver.)
TXT (투모로우바이투게더) '0X1=LOVESONG (I Know I Love You) feat. Seori' Official Teaser 1,TXT (투모로우바이투게더) '0X1=LOVESONG (I Know I Love You) feat. Seori' Official MV (Choreo Close-up ver.)
WONWOO X MINGYU 'Bittersweet (feat. LeeHi)' Official Teaser,WONWOO X MINGYU 'Bittersweet (feat. LeeHi)' Official MV
BTS (방탄소년단) 'Butter' Official Teaser,BTS (방탄소년단) 'Butter (Cooler Remix)' Official MV
ENHYPEN (엔하이픈) 'FEVER' Official Teaser 2,ENHYPEN (엔하이픈) 'FEVER' Official MV
ENHYPEN (엔하이픈) 'FEVER' Official Teaser 1,ENHYPEN (엔하이픈) 'FEVER' Official MV
ENHYPEN (엔하이픈) 'Drunk-Dazed' Official Teaser 2,ENHYPEN (엔하이픈) 'Drunk-Dazed' Official MV (Choreography ver.)
ENHYPEN (엔하이픈) 'Drunk-Dazed' Official Teaser 1,ENHYPEN (엔하이픈) 'Drunk-Dazed' Official MV (Choreography ver.)
NU'EST (뉴이스트) 'INSIDE OUT' M/V Teaser #2,NU'EST (뉴이스트) 'INSIDE OUT' M/V
NU'EST (뉴이스트) 'INSIDE OUT' M/V Teaser #1,NU'EST (뉴이스트) 'INSIDE OUT' M/V
Dvwn (다운) '연남동 (Feat. lIlBOI)' Official MV Teaser,Dvwn (다운) '연남동 (Feat. lIlBOI)' Official MV
HOSHI 'Spider' Official Teaser 2,HOSHI ‘Spider’ Official MV
HOSHI 'Spider' Official Teaser 1,HOSHI ‘Spider’ Official MV
BTS (방탄소년단) 'Film out' Official Teaser,BTS (방탄소년단) 'Film out' Official MV
TXT (투모로우바이투게더) '5時53分の空で見つけた君と僕 [Japanese Ver.]' Official Teaser 2,TXT (투모로우바이투게더) '5時53分の空で見つけた君と僕 [Japanese Ver.]' Official MV
TXT (투모로우바이투게더) '5時53分の空で見つけた君と僕 [Japanese Ver.]' Official Teaser 1,TXT (투모로우바이투게더) '5時53分の空で見つけた君と僕 [Japanese Ver.]' Official MV
TXT (투모로우바이투게더) '5時53分の空で見つけた君と僕 [Japanese Ver.]' Official Teaser - 수빈 (SOOBIN),TXT (투모로우바이투게더) '5時53分の空で見つけた君と僕 [Japanese Ver.]' Official MV
TXT (투모로우바이투게더) '5時53分の空で見つけた君と僕 [Japanese Ver.]' Official Teaser - 태현 (TAEHYUN),TXT (투모로우바이투게더) '5時53分の空で見つけた君と僕 [Japanese Ver.]' Official MV
TXT (투모로우바이투게더) '5時53分の空で見つけた君と僕 [Japanese Ver.]' Official Teaser - 연준 (YEONJUN),TXT (투모로우바이투게더) '5時53分の空で見つけた君と僕 [Japanese Ver.]' Official MV
TXT (투모로우바이투게더) '5時53分の空で見つけた君と僕 [Japanese Ver.]' Official Teaser - 휴닝카이 (HUENINGKAI),TXT (투모로우바이투게더) '5時53分の空で見つけた君と僕 [Japanese Ver.]' Official MV
TXT (투모로우바이투게더) '5時53分の空で見つけた君と僕 [Japanese Ver.]' Official Teaser - 범규 (BEOMGYU),TXT (투모로우바이투게더) '5時53分の空で見つけた君と僕 [Japanese Ver.]' Official MV
Dvwn (다운) '자유비행' Official MV Teaser,Dvwn (다운) '자유비행' Official MV
ENHYPEN (엔하이픈) 'Let Me In (20 CUBE)' Official Teaser 2,ENHYPEN (엔하이픈) 'Let Me In (20 CUBE)' Official MV
ENHYPEN (엔하이픈) 'Let Me In (20 CUBE)' Official Teaser 1,ENHYPEN (엔하이픈) 'Let Me In (20 CUBE)' Official MV
ENHYPEN (엔하이픈) 'Given-Taken' Official Teaser 2,ENHYPEN (엔하이픈) 'Given-Taken [Japanese Ver.]' Official MV
ENHYPEN (엔하이픈) 'Given-Taken' Official Teaser 1,ENHYPEN (엔하이픈) 'Given-Taken [Japanese Ver.]' Official MV
BTS (방탄소년단) 'Life Goes On' Official Teaser 2,BTS (방탄소년단) 'Life Goes On' Official MV : like an arrow
BTS (방탄소년단) 'Life Goes On' Official Teaser 1,BTS (방탄소년단) 'Life Goes On' Official MV : like an arrow
TXT (투모로우바이투게더) '날씨를 잃어버렸어' Official Teaser - 태현 (TAEHYUN),TXT (투모로우바이투게더) '날씨를 잃어버렸어' Official MV
TXT (투모로우바이투게더) '날씨를 잃어버렸어' Official Teaser - 범규 (BEOMGYU),TXT (투모로우바이투게더) '날씨를 잃어버렸어' Official MV
TXT (투모로우바이투게더) '날씨를 잃어버렸어' Official Teaser - 수빈 (SOOBIN),TXT (투모로우바이투게더) '날씨를 잃어버렸어' Official MV
TXT (투모로우바이투게더) '날씨를 잃어버렸어' Official Teaser - 휴닝카이 (HUENINGKAI),TXT (투모로우바이투게더) '날씨를 잃어버렸어' Official MV
TXT (투모로우바이투게더) '날씨를 잃어버렸어' Official Teaser - 연준 (YEONJUN),TXT (투모로우바이투게더) '날씨를 잃어버렸어' Official MV
TXT (투모로우바이투게더) '날씨를 잃어버렸어' Official Teaser,TXT (투모로우바이투게더) '날씨를 잃어버렸어' Official MV
GFRIEND (여자친구) 'MAGO' Official M/V Teaser 2,GFRIEND (여자친구) 'MAGO' Official M/V
GFRIEND (여자친구) 'MAGO' Official M/V Teaser 1,GFRIEND (여자친구) 'MAGO' Official M/V
TXT (투모로우바이투게더) '5시 53분의 하늘에서 발견한 너와 나' Official Teaser 2,TXT (투모로우바이투게더) '5시 53분의 하늘에서 발견한 너와 나' Official MV (Choreography ver.)
TXT (투모로우바이투게더) '5시 53분의 하늘에서 발견한 너와 나' Official Teaser 1,TXT (투모로우바이투게더) '5시 53분의 하늘에서 발견한 너와 나' Official MV (Choreography ver.)
TXT (투모로우바이투게더) '5시 53분의 하늘에서 발견한 너와 나' Official Teaser - 연준 (YEONJUN),TXT (투모로우바이투게더) '5시 53분의 하늘에서 발견한 너와 나' Official MV (Choreography ver.)
SEVENTEEN (세븐틴) 'HOME;RUN' Official Teaser 2,SEVENTEEN (세븐틴) 'HOME;RUN' Official MV
TXT (투모로우바이투게더) '5시 53분의 하늘에서 발견한 너와 나' Official Teaser - 태현 (TAEHYUN),TXT (투모로우바이투게더) '5시 53분의 하늘에서 발견한 너와 나' Official MV (Choreography ver.)
SEVENTEEN (세븐틴) 'HOME;RUN' Official Teaser 1,SEVENTEEN (세븐틴) 'HOME;RUN' Official MV
TXT (투모로우바이투게더) '5시 53분의 하늘에서 발견한 너와 나' Official Teaser - 수빈 (SOOBIN),TXT (투모로우바이투게더) '5시 53분의 하늘에서 발견한 너와 나' Official MV (Choreography ver.)
TXT (투모로우바이투게더) '5시 53분의 하늘에서 발견한 너와 나' Official Teaser - 휴닝카이 (HUENINGKAI),TXT (투모로우바이투게더) '5시 53분의 하늘에서 발견한 너와 나' Official MV (Choreography ver.)
TXT (투모로우바이투게더) '5시 53분의 하늘에서 발견한 너와 나' Official Teaser - 범규 (BEOMGYU),TXT (투모로우바이투게더) '5시 53분의 하늘에서 발견한 너와 나' Official MV (Choreography ver.)
BTS (방탄소년단) 'Dynamite' Official Teaser,BTS (방탄소년단) 'Dynamite' Official MV (Choreography ver.)
GFRIEND (여자친구) 'Apple' Official M/V Teaser 2,GFRIEND (여자친구) 'Apple' Official M/V
GFRIEND (여자친구) 'Apple' Official M/V Teaser 1,GFRIEND (여자친구) 'Apple' Official M/V
SEVENTEEN (세븐틴) 'Left & Right' Official Teaser 2,SEVENTEEN (세븐틴) 'Left & Right' Official MV (Choreography Version)
SEVENTEEN (세븐틴) 'Left & Right' Official Teaser 1,SEVENTEEN (세븐틴) 'Left & Right' Official MV (Choreography Version)
TXT (투모로우바이투게더) '동물원을 빠져나온 퓨마' Official Teaser 2,TXT (투모로우바이투게더) '동물원을 빠져나온 퓨마' Official MV
TXT (투모로우바이투게더) '동물원을 빠져나온 퓨마' Official Teaser 1,TXT (투모로우바이투게더) '동물원을 빠져나온 퓨마' Official MV
"TXT (투모로우바이투게더) '세계가 불타버린 밤, 우린... (Can't You See Me?)' Official Teaser 2","TXT (투모로우바이투게더) '세계가 불타버린 밤, 우린... (Can't You See Me?)' Official MV"
"TXT (투모로우바이투게더) '세계가 불타버린 밤, 우린... (Can't You See Me?)' Official Teaser 1","TXT (투모로우바이투게더) '세계가 불타버린 밤, 우린... (Can't You See Me?)' Official MV"
"TXT (투모로우바이투게더) '세계가 불타버린 밤, 우린... (Can't You See Me?)' Official Teaser - 수빈 (SOOBIN)","TXT (투모로우바이투게더) '세계가 불타버린 밤, 우린... (Can't You See Me?)' Official MV"
"TXT (투모로우바이투게더) '세계가 불타버린 밤, 우린... (Can't You See Me?)' Official Teaser - 휴닝카이 (HUENINGKAI)","TXT (투모로우바이투게더) '세계가 불타버린 밤, 우린... (Can't You See Me?)' Official MV"
"TXT (투모로우바이투게더) '세계가 불타버린 밤, 우린... (Can't You See Me?)' Official Teaser - 태현 (TAEHYUN)","TXT (투모로우바이투게더) '세계가 불타버린 밤, 우린... (Can't You See Me?)' Official MV"
"TXT (투모로우바이투게더) '세계가 불타버린 밤, 우린... (Can't You See Me?)' Official Teaser - 범규 (BEOMGYU)","TXT (투모로우바이투게더) '세계가 불타버린 밤, 우린... (Can't You See Me?)' Official MV"
"TXT (투모로우바이투게더) '세계가 불타버린 밤, 우린... (Can't You See Me?)' Official Teaser - 연준 (YEONJUN)","TXT (투모로우바이투게더) '세계가 불타버린 밤, 우린... (Can't You See Me?)' Official MV"
GFRIEND (여자친구) '교차로 (Crossroads)' Official M/V Teaser,GFRIEND (여자친구) '교차로 (Crossroads)' Official M/V
TXT (투모로우바이투게더) 'Angel Or Devil' Official Teaser - 태현 (TAEHYUN),TXT (투모로우바이투게더) 'Angel Or Devil' Official MV
TXT (투모로우바이투게더) 'Angel Or Devil' Official Teaser - 수빈 (SOOBIN),TXT (투모로우바이투게더) 'Angel Or Devil' Official MV
TXT (투모로우바이투게더) 'Angel Or Devil' Official Teaser - 휴닝카이 (HUENINGKAI),TXT (투모로우바이투게더) 'Angel Or Devil' Official MV
TXT (투모로우바이투게더) 'Angel Or Devil' Official Teaser - 연준 (YEONJUN),TXT (투모로우바이투게더) 'Angel Or Devil' Official MV
TXT (투모로우바이투게더) 'Angel Or Devil' Official Teaser - 범규 (BEOMGYU),TXT (투모로우바이투게더) 'Angel Or Devil' Official MV
TXT (투모로우바이투게더) 'Magic Island' Official Teaser - 태현 (TAEHYUN),TXT (투모로우바이투게더) 'Magic Island' Official  MV
TXT (투모로우바이투게더) 'Magic Island' Official Teaser - 휴닝카이 (HUENINGKAI),TXT (투모로우바이투게더) 'Magic Island' Official  MV
TXT (투모로우바이투게더) 'Magic Island' Official Teaser - 수빈 (SOOBIN),TXT (투모로우바이투게더) 'Magic Island' Official  MV
TXT (투모로우바이투게더) 'Magic Island' Official Teaser - 연준 (YEONJUN),TXT (투모로우바이투게더) 'Magic Island' Official  MV
TXT (투모로우바이투게더) 'Magic Island' Official Teaser - 범규 (BEOMGYU),TXT (투모로우바이투게더) 'Magic Island' Official  MV
TXT (투모로우바이투게더) '9와 4분의 3 승강장에서 너를 기다려 (Run Away)' Official Teaser 2,TXT (투모로우바이투게더) '9와 4분의 3 승강장에서 너를 기다려 (Run Away)' Official MV
TXT (투모로우바이투게더) '9와 4분의 3 승강장에서 너를 기다려 (Run Away)' Official Teaser 1,TXT (투모로우바이투게더) '9와 4분의 3 승강장에서 너를 기다려 (Run Away)' Official MV
TXT (투모로우바이투게더) 'Cat & Dog' Official Teaser (English ver.),TXT (투모로우바이투게더) 'Cat & Dog' Official MV (English ver.)
TXT (투모로우바이투게더) 'Cat & Dog' Official Teaser (냥 version),TXT (투모로우바이투게더) 'Cat & Dog' Official MV (English ver.)
TXT (투모로우바이투게더) 'Cat & Dog' Official Teaser (멍 version),TXT (투모로우바이투게더) 'Cat & Dog' Official MV (English ver.)
BTS (방탄소년단) '작은 것들을 위한 시 (Boy With Luv) (feat. Halsey)' Official Teaser 2,BTS (방탄소년단) '작은 것들을 위한 시 (Boy With Luv) (feat. Halsey)' Official MV ('ARMY With Luv' ver.)
BTS (방탄소년단) '작은 것들을 위한 시 (Boy With Luv) (Feat. Halsey)' Official Teaser 1,BTS (방탄소년단) '작은 것들을 위한 시 (Boy With Luv) (feat. Halsey)' Official MV ('ARMY With Luv' ver.)
TXT (투모로우바이투게더) '어느날 머리에서 뿔이 자랐다 (CROWN)' Official Teaser 2,TXT (투모로우바이투게더) '어느날 머리에서 뿔이 자랐다 (CROWN)' Official MV (Choreography Version)
TXT (투모로우바이투게더) '어느날 머리에서 뿔이 자랐다 (CROWN)' Official Teaser 1,TXT (투모로우바이투게더) '어느날 머리에서 뿔이 자랐다 (CROWN)' Official MV (Choreography Version)
BTS (방탄소년단) 'IDOL' Official Teaser,BTS (방탄소년단) 'IDOL (Feat. Nicki Minaj)' Official MV
BTS (방탄소년단) 'FAKE LOVE' Official Teaser 2,BTS (방탄소년단) 'FAKE LOVE' Official MV (Extended ver.)
BTS (방탄소년단) 'FAKE LOVE' Official Teaser 1,BTS (방탄소년단) 'FAKE LOVE' Official MV (Extended ver.)
BTS (방탄소년단) 'MIC Drop (Steve Aoki Remix)' Official Teaser,BTS (방탄소년단) 'MIC Drop (Steve Aoki Remix)' Official MV
BTS (방탄소년단) 'DNA' Official Teaser 1,BTS (방탄소년단) 'DNA' Official MV
BTS (방탄소년단) 'Not Today' Official Teaser,BTS (방탄소년단) 'Not Today' Official MV (Choreography Version)
BTS (방탄소년단) '봄날 (Spring Day)' Official Teaser,BTS (방탄소년단) '봄날 (Spring Day)' Official MV
BTS (방탄소년단) '피 땀 눈물 (Blood Sweat & Tears)' Official Teaser,BTS (방탄소년단) '피 땀 눈물 (Blood Sweat & Tears)' Official MV
BTS (방탄소년단) '불타오르네 (FIRE)' Official Teaser,BTS (방탄소년단) '불타오르네 (FIRE)' Official MV (Choreography Version)
BTS (방탄소년단) 'RUN' Official Teaser,BTS (방탄소년단) 'RUN' Official MV
HOMME (옴므) '사랑이 아냐' Official Teaser,HOMME (옴므) '사랑이 아냐' Official MV
HOMME (옴므) '울지 말자' Official Teaser,HOMME (옴므) '울지 말자' Official MV
BTS (방탄소년단) 'I NEED U' Official Teaser,BTS (방탄소년단) 'I NEED U' Official MV (Original ver.)
BTS (방탄소년단) 'Danger' Official Teaser #2,BTS (방탄소년단) 'Danger' Official MV
BTS (방탄소년단) 'Danger' Official Teaser #1,BTS (방탄소년단) 'Danger' Official MV
HOMME (옴므) 'It Girl' Official Teaser #2 (Homme ver.),HOMME (옴므) 'It Girl' Official MV
HOMME (옴므) 'It Girl' Official Teaser #1 (Girl ver.),HOMME (옴므) 'It Girl' Official MV
BTS (방탄소년단) '하루만 (Just one day)' Official Teaser,BTS (방탄소년단) '하루만 (Just one day)' Official MV
BTS (방탄소년단) '상남자 (Boy In Luv)' Official Teaser,BTS (방탄소년단) '상남자 (Boy In Luv)' Official MV (Choreography Version)
BTS (방탄소년단) 'N.O' Official Teaser #2,BTS (방탄소년단) 'N.O' Official MV
BTS (방탄소년단) 'N.O' Official Teaser #1,BTS (방탄소년단) 'N.O' Official MV
임정희 'Luv is' Official Teaser,임정희 'Luv is' Official MV
BTS (방탄소년단) 'No More Dream' Official Teaser #2,BTS (방탄소년단) 'No More Dream' Official MV (Choreography Version)
BTS (방탄소년단) 'No More Dream' Official Teaser #1,BTS (방탄소년단) 'No More Dream' Official MV (Choreography Version)
"LeeHyun ""You are the best of my life"" MV Teaser 1 (ChangMin ver)","LeeHyun ""You are the best of my life"" MV"
BLACKPINK - ‘Shut Down’ M/V TEASER,BLACKPINK - ‘Shut Down’ M/V
BLACKPINK - ‘Pink Venom’ M/V TEASER,BLACKPINK - ‘Pink Venom’ M/V
LISA - 'LALISA' M/V TEASER,LISA - 'LALISA' M/V
ROSÉ - 'On The Ground' M/V TEASER #2,ROSÉ - 'On The Ground' M/V
ROSÉ - 'On The Ground' M/V TEASER,ROSÉ - 'On The Ground' M/V
BLACKPINK - 'Lovesick Girls' M/V TEASER,BLACKPINK - 'Lovesick Girls' M/V
BLACKPINK - 'Ice Cream (with Selena Gomez)' M/V TEASER,BLACKPINK - 'Ice Cream (with Selena Gomez)' M/V
BLACKPINK - 'How You Like That' M/V TEASER,BLACKPINK - 'How You Like That' M/V
BLACKPINK - 'Kill This Love' M/V Teaser,BLACKPINK - 'Kill This Love' M/V
JENNIE - 'SOLO' M/V TEASER,JENNIE - 'SOLO' M/V
BLACKPINK - ‘뚜두뚜두 (DDU-DU DDU-DU)’ M/V TEASER,BLACKPINK - ‘뚜두뚜두 (DDU-DU DDU-DU)’ M/V
BLACKPINK - '마지막처럼 (AS IF IT'S YOUR LAST)' M/V TEASER,BLACKPINK - '마지막처럼 (AS IF IT'S YOUR LAST)' M/V
[STATION : NCT LAB] TEN 텐 'Birthday' MV Teaser,[STATION : NCT LAB] TEN 텐 'Birthday' MV
aespa 에스파 'Girls (BRLLNT Remix)' MV Teaser,aespa 에스파 'Girls (BRLLNT Remix)' MV
SEULGI 슬기 '28 Reasons' MV Teaser,SEULGI 슬기 '28 Reasons' MV
[SM Classics] 서울시립교향악단 'Black Mamba (Orchestra Ver.)' MV Teaser,[SM Classics] 서울시립교향악단 'Black Mamba (Orchestra Ver.)' MV
XIUMIN 시우민 'Brand New' MV Teaser,XIUMIN 시우민 'Brand New' MV
HYO 효연 'DEEP (4B Remix)' MV Teaser,HYO 효연 'DEEP (4B Remix)' MV
NCT 127 엔시티 127 '질주 (2 Baddies)' MV Teaser,NCT 127 엔시티 127 '질주 (2 Baddies)' MV
KANGTA 강타 'Eyes On You (야경)' MV Teaser,KANGTA 강타 'Eyes On You (야경)' MV
KEY 키 '가솔린 (Gasoline)' MV Teaser,KEY 키 '가솔린 (Gasoline)' MV
[STATION] 예리 (YERI) X 샘김 (Sam Kim) '낮잠 (Nap Fairy)' MV Teaser,[STATION] 예리 (YERI) X 샘김 (Sam Kim) '낮잠 (Nap Fairy)' MV
[STATION : NCT LAB] JAEHYUN 재현 'Forever Only' MV Teaser,[STATION : NCT LAB] JAEHYUN 재현 'Forever Only' MV
IMLAY 'Heart's On Fire (Feat. Alex Karlsson)' MV Teaser,IMLAY 'Heart's On Fire (Feat. Alex Karlsson)' MV
Girls' Generation 소녀시대 'FOREVER 1' MV Teaser #2,Girls' Generation 소녀시대 'FOREVER 1' MV
Girls' Generation 소녀시대 'FOREVER 1' MV Teaser #1,Girls' Generation 소녀시대 'FOREVER 1' MV
[STATION : NCT LAB] NCT U 엔시티 유 'Rain Day' MV Teaser,[STATION : NCT LAB] NCT U 엔시티 유 'Rain Day' MV
BoA X XIN 'Better (对峙)' MV Teaser,BoA X XIN 'Better (对峙)' MV
SUPER JUNIOR 슈퍼주니어 'Mango' MV Teaser #2,SUPER JUNIOR 슈퍼주니어 'Mango' MV
aespa 에스파 'Girls' MV Teaser,aespa 에스파 'Girls (BRLLNT Remix)' MV
SUPER JUNIOR 슈퍼주니어 'Mango' MV Teaser #1,SUPER JUNIOR 슈퍼주니어 'Mango' MV
ONEW オンユ 'Life goes on' MV Teaser,ONEW オンユ 'Life goes on' MV
[SM Classics] 서울시립교향악단 'Feel My Rhythm (Orchestra Ver.)' MV Teaser,[SM Classics] 서울시립교향악단 'Feel My Rhythm (Orchestra Ver.)' MV
[STATION] 영준 X 이예준 '혼잣말이 많아졌어 (Cause You) (Prod. 강타 (KANGTA))' MV Teaser,[STATION] 영준 X 이예준 '혼잣말이 많아졌어 (Cause You) (Prod. 강타 (KANGTA))' MV
SUPER JUNIOR 슈퍼주니어 'Don't Wait' MV Teaser,SUPER JUNIOR 슈퍼주니어 'Don't Wait' MV
aespa 에스파 'Life's Too Short (English Ver.)' MV Teaser,aespa 에스파 'Life's Too Short (English Ver.)' MV
NCT DREAM 엔시티 드림 '버퍼링 (Glitch Mode) (JINBO Remix)' MV Teaser,NCT DREAM 엔시티 드림 '버퍼링 (Glitch Mode) (JINBO Remix)' MV
NCT DREAM 엔시티 드림 'Beatbox' MV Teaser,NCT DREAM 엔시티 드림 'Beatbox' MV
BoA ボア 'The Greatest' MV Teaser,BoA ボア 'The Greatest' MV
ONEW オンユ 'キラキラ' MV Teaser,ONEW オンユ 'キラキラ' MV
HYO 효연 'DEEP' MV Teaser,HYO 효연 'DEEP (4B Remix)' MV
RYEOWOOK 려욱 '오늘만은 (Hiding Words)' MV Teaser #2,RYEOWOOK 려욱 '오늘만은 (Hiding Words)' MV
RYEOWOOK 려욱 '오늘만은 (Hiding Words)' MV Teaser #1,RYEOWOOK 려욱 '오늘만은 (Hiding Words)' MV
TAEYEON 태연 'INVU (ZHU Remix)' MV Teaser,TAEYEON 태연 'INVU (ZHU Remix)' MV
RYEOWOOK 려욱 '파랑새 (Bluebird)' MV Teaser,RYEOWOOK 려욱 '파랑새 (Bluebird)' MV
[STATION] 태용 (TAEYONG) X 원슈타인 (Wonstein) 'Love Theory' MV Teaser,[STATION] 태용 (TAEYONG) X 원슈타인 (Wonstein) 'Love Theory' MV
ONEW 온유 'DICE' MV Teaser,ONEW 온유 'DICE' MV
SUHO 수호 'Hurdle' MV Teaser,SUHO 수호 'Hurdle' MV
SUHO 수호 'Grey Suit' MV Teaser #2,SUHO 수호 'Grey Suit' MV
SUHO 수호 'Grey Suit' MV Teaser #1,SUHO 수호 'Grey Suit' MV
UV X 최시원 (CHOI SIWON) '내 낡은 자전거 (Riding)' MV Teaser,UV X 최시원 (CHOI SIWON) '내 낡은 자전거 (Riding)' MV
Red Velvet レッドベルベット 'WILDSIDE' MV Teaser,Red Velvet レッドベルベット 'WILDSIDE' MV
NCT DREAM 엔시티 드림 '버퍼링 (Glitch Mode)' MV Teaser,NCT DREAM 엔시티 드림 '버퍼링 (Glitch Mode) (JINBO Remix)' MV
Red Velvet 레드벨벳 'Feel My Rhythm' MV Teaser,Red Velvet 레드벨벳 'Feel My Rhythm' MV
KAI 카이 'Peaches (SUMIN Remix)' MV Teaser,KAI 카이 'Peaches (SUMIN Remix)' MV
[STATION] KIM MIN JONG 김민종 '긴 밤 (Endless Night)' MV Teaser,[STATION] KIM MIN JONG 김민종 '긴 밤 (Endless Night)' MV
TAEYEON 태연 'INVU' MV Teaser,TAEYEON 태연 'INVU (ZHU Remix)' MV
KYUHYUN 규현 '연애소설 (Love Story)' MV Teaser #2,KYUHYUN 규현 '연애소설 (Love Story)' MV
KYUHYUN 규현 '연애소설 (Love Story)' MV Teaser #1,KYUHYUN 규현 '연애소설 (Love Story)' MV
TAEYEON 태연 'Can't Control Myself' MV Teaser,TAEYEON 태연 'Can't Control Myself' MV
MAX CHANGMIN 최강창민 'Devil' MV Teaser,MAX CHANGMIN 최강창민 'Devil' MV
KANGTA 강타 'Slow Dance' MV Teaser,KANGTA 강타 'Slow Dance' MV
Hitchhiker X 3RD 'Alone' MV Teaser,Hitchhiker X 3RD 'Alone' MV
NCT 127 엔시티 127 'Sticker (Will Not Fear Remix)' MV Teaser,NCT 127 엔시티 127 'Sticker (Will Not Fear Remix)' MV
GIANT PINK 자이언트핑크 'PINK' MV Teaser,GIANT PINK 자이언트핑크 'PINK' MV
MINHO 민호 'Heartbreak' MV Teaser,MINHO 민호 'Heartbreak' MV
[STATION] aespa 에스파 'Dreams Come True' MV Teaser,[STATION] aespa 에스파 'Dreams Come True' MV
NCT 2021 엔시티 2021 'Beautiful' MV Teaser,NCT 2021 엔시티 2021 'Beautiful' MV
NCT U 엔시티 유 'Universe (Let's Play Ball)' MV Teaser,NCT U 엔시티 유 'Universe (Let's Play Ball)' MV
KAI 카이 'Peaches' MV Teaser,KAI 카이 'Peaches (SUMIN Remix)' MV
[STATION] 요한킴 X 황호규 '우리들의 맹세 (The Promise of H.O.T.) (Jazz Ver.)' MV Teaser,[STATION] 요한킴 X 황호규 '우리들의 맹세 (The Promise of H.O.T.) (Jazz Ver.)' MV
SOHLHEE 솔희 '수선화 (水仙花)' MV Teaser,SOHLHEE 솔희 '수선화 (水仙花)' MV
Red Velvet 레드벨벳 'Bad Boy (PREP Remix)' MV Teaser,Red Velvet 레드벨벳 'Bad Boy (PREP Remix)' MV
SUPER JUNIOR-D&E 슈퍼주니어-D&E 'ZERO' MV Teaser #2,SUPER JUNIOR-D&E 슈퍼주니어-D&E 'ZERO' MV
SUPER JUNIOR-D&E 슈퍼주니어-D&E 'ZERO' MV Teaser #1,SUPER JUNIOR-D&E 슈퍼주니어-D&E 'ZERO' MV
NCT 127 엔시티 127 'Favorite (Vampire)' MV Teaser,NCT 127 엔시티 127 'Favorite (Vampire)' MV
EUNHYUK 은혁 'be' MV Teaser #2,EUNHYUK 은혁 'be' MV
EUNHYUK 은혁 'be' MV Teaser #1,EUNHYUK 은혁 'be' MV
Red Velvet 레드벨벳 'Queendom (Demicat Remix)' MV Teaser,Red Velvet 레드벨벳 'Queendom (Demicat Remix)' MV
DONGHAE 동해 'California Love (Feat. 제노 of NCT)' MV Teaser #2,DONGHAE 동해 'California Love (Feat. 제노 of NCT)' MV
DONGHAE 동해 'California Love (Feat. 제노 of NCT)' MV Teaser #1,DONGHAE 동해 'California Love (Feat. 제노 of NCT)' MV
"Raiden 레이든 'Love Right Back (Feat. 태일 of NCT, lIlBOI)' MV Teaser","Raiden 레이든 'Love Right Back (Feat. 태일 of NCT, lIlBOI)' MV"
aespa 에스파 'Savage' MV Teaser,aespa 에스파 'Savage' MV
KEY 키 'BAD LOVE' MV Teaser #2,KEY 키 'BAD LOVE' MV
KEY 키 'BAD LOVE' MV Teaser #1,KEY 키 'BAD LOVE' MV
NCT 127 엔시티 127 'Sticker' MV Teaser,NCT 127 엔시티 127 'Sticker (Will Not Fear Remix)' MV
aespa 에스파 'Next Level (Habstrakt Remix)' MV Teaser,aespa 에스파 'Next Level (Habstrakt Remix)' MV
"SUNGMIN 성민 'Goodnight, Summer' MV Teaser #2","SUNGMIN 성민 'Goodnight, Summer' MV"
"SUNGMIN 성민 'Goodnight, Summer' MV Teaser #1","SUNGMIN 성민 'Goodnight, Summer' MV"
KEY 키 'Hate that... (Feat. 태연)' MV Teaser,KEY 키 'Hate that... (Feat. 태연)' MV
WayV-TEN&YANGYANG 'Low Low' MV Teaser,WayV-TEN&YANGYANG 'Low Low' MV
Red Velvet 레드벨벳 'Queendom' MV Teaser,Red Velvet 레드벨벳 'Queendom (Demicat Remix)' MV
HYO 효연 'Second (Feat. 비비 (BIBI))' MV Teaser,HYO 효연 'Second (Feat. 비비 (BIBI))' MV
KANGTA 강타 '7월의 크리스마스 (Christmas in July)' MV Teaser,KANGTA 강타 '7월의 크리스마스 (Christmas in July)' MV
D.O. 디오 'Rose' MV Teaser,D.O. 디오 'Rose' MV
TAEYEON 태연 'Weekend' MV Teaser,TAEYEON 태연 'Weekend' MV
KYUHYUN 규현 '투게더 (Together)' MV Teaser #2,KYUHYUN 규현 '투게더 (Together)' MV
KYUHYUN 규현 '투게더 (Together)' MV Teaser #1,KYUHYUN 규현 '투게더 (Together)' MV
SHINee シャイニー 'SUPERSTAR' MV Teaser,SHINee シャイニー 'SUPERSTAR' MV
NCT DREAM 엔시티 드림 'Hello Future' MV Teaser,NCT DREAM 엔시티 드림 'Hello Future' MV
WayV-KUN&XIAOJUN '这时烟火 (Back To You)' MV Teaser,WayV-KUN&XIAOJUN '这时烟火 (Back To You)' MV
EXO 엑소 'Don't fight the feeling' MV Teaser,EXO 엑소 'Don't fight the feeling' MV
TAEMIN 태민 'Advice' MV Teaser #2,TAEMIN 태민 'Advice' MV
TAEMIN 태민 'Advice' MV Teaser #1,TAEMIN 태민 'Advice' MV
aespa 에스파 'Next Level' MV Teaser,aespa 에스파 'Next Level (Habstrakt Remix)' MV
NCT DREAM 엔시티 드림 '맛 (Hot Sauce)' MV Teaser,NCT DREAM 엔시티 드림 '맛 (Hot Sauce) (Hitchhiker Remix)' MV
YESUNG 예성 'Beautiful Night' MV Teaser,YESUNG 예성 'Beautiful Night' MV
YESUNG 예성 'Phantom Pain' MV Teaser,YESUNG 예성 'Phantom Pain' MV
SHINee 샤이니 'Atlantis' MV Teaser,SHINee 샤이니 'Atlantis' MV
KYUHYUN 규현 ‘커피 (Coffee)’ MV Teaser #2,KYUHYUN 규현 '커피 (Coffee)' MV
KYUHYUN 규현 ‘커피 (Coffee)’ MV Teaser #1,KYUHYUN 규현 '커피 (Coffee)' MV
SuperM 슈퍼엠 'We DO' MV Teaser,SuperM 슈퍼엠 'We DO' MV
WENDY 웬디 'Like Water' MV Teaser #2,WENDY 웬디 'Like Water' MV
WENDY 웬디 'Like Water' MV Teaser #1,WENDY 웬디 'Like Water' MV
BAEKHYUN 백현 'Bambi' MV Teaser #2,BAEKHYUN 백현 'Bambi (BRLLNT Remix)' MV
BAEKHYUN 백현 'Bambi' MV Teaser #1,BAEKHYUN 백현 'Bambi (BRLLNT Remix)' MV
KANGTA 강타 'Freezing' MV Teaser,KANGTA 강타 'Freezing' MV
SUPER JUNIOR 슈퍼주니어 'House Party' MV Teaser #3 - Trap Concept,SUPER JUNIOR 슈퍼주니어 'House Party' MV
SUPER JUNIOR 슈퍼주니어 'House Party' MV Teaser #2 - Party Concept,SUPER JUNIOR 슈퍼주니어 'House Party' MV
SUPER JUNIOR 슈퍼주니어 'House Party' MV Teaser #1,SUPER JUNIOR 슈퍼주니어 'House Party' MV
WayV 威神V '秘境 (Kick Back)' MV Teaser,WayV 威神V '秘境 (Kick Back)' MV
SHINee 샤이니 'Don't Call Me' MV Teaser,SHINee 샤이니 'Don't Call Me (Fox Stevenson Remix)' MV
aespa 에스파 'Forever (약속)' MV Teaser,aespa 에스파 'Forever (약속)' MV
U-KNOW 유노윤호 'Eeny Meeny' MV Teaser,U-KNOW 유노윤호 'Eeny Meeny' MV
KYUHYUN 규현 '마지막 날에 (Moving On)' MV Teaser,KYUHYUN 규현 '마지막 날에 (Moving On)' MV
U-KNOW 유노윤호 'Thank U' MV Teaser #Prologue,U-KNOW 유노윤호 'Thank U' MV
U-KNOW 유노윤호 'Thank U' MV Teaser #CharacterTrailer,U-KNOW 유노윤호 'Thank U' MV
BAEKHYUN ベクヒョン 'Get You Alone' MV Teaser #2,BAEKHYUN ベクヒョン 'Get You Alone' MV
BAEKHYUN ベクヒョン 'Get You Alone' MV Teaser #1,BAEKHYUN ベクヒョン 'Get You Alone' MV
TAEYEON 태연 'What Do I Call You' MV Teaser,TAEYEON 태연 'What Do I Call You' MV
NCT 2020 엔시티 2020 'RESONANCE' MV Teaser #2,NCT 2020 엔시티 2020 'RESONANCE' MV
NCT 2020 엔시티 2020 'RESONANCE' MV Teaser #1,NCT 2020 엔시티 2020 'RESONANCE' MV
BoA 보아 'Better' MV Teaser,BoA 보아 'Better' MV
NCT U 엔시티 유 'Work It' MV Teaser,NCT U 엔시티 유 'Work It' MV
KAI 카이 '음 (Mmmh)' MV Teaser,KAI 카이 '음 (Mmmh)' MV
NCT U 엔시티 유 '90's Love' MV Teaser,NCT U 엔시티 유 '90's Love' MV
TAEMIN 태민 '안아줄래 (Think Of You)' MV Teaser,TAEMIN 태민 '안아줄래 (Think Of You)' MV
aespa 에스파 'Black Mamba' MV Teaser,aespa 에스파 'Black Mamba' MV
TAEMIN 태민 '이데아 (IDEA:理想)' MV Teaser,TAEMIN 태민 '이데아 (IDEA:理想)' MV
SUPER JUNIOR 슈퍼주니어 '우리에게 (The Melody)' MV Teaser,SUPER JUNIOR 슈퍼주니어 '우리에게 (The Melody)' MV
NCT U 엔시티 유 'From Home' MV Teaser,NCT U 엔시티 유 'From Home' MV
CHEN 첸 '안녕 (Hello)' MV Teaser,CHEN 첸 '안녕 (Hello)' MV
NCT U 엔시티 유 'Make A Wish (Birthday Song)' MV Teaser,NCT U 엔시티 유 'Make A Wish (Birthday Song) (Wuki Remix)' MV
KYUHYUN 규현 '내 마음을 누르는 일 (Daystar)' MV Teaser #2,KYUHYUN 규현 '내 마음을 누르는 일 (Daystar)' MV
TAEYEON テヨン '#GirlsSpkOut (Feat.ちゃんみな) MV Teaser #2,TAEYEON テヨン '#GirlsSpkOut (Feat.ちゃんみな)' MV
KYUHYUN 규현 '내 마음을 누르는 일 (Daystar)' MV Teaser #1,KYUHYUN 규현 '내 마음을 누르는 일 (Daystar)' MV
TAEYEON テヨン '#GirlsSpkOut (Feat.ちゃんみな)' MV Teaser #1,TAEYEON テヨン '#GirlsSpkOut (Feat.ちゃんみな)' MV
SUPER JUNIOR-D&E 슈퍼주니어-D&E 'No Love' MV Teaser,SUPER JUNIOR-D&E 슈퍼주니어-D&E 'No Love' MV
SuperM 슈퍼엠 ‘One (Monster & Infinity)’ MV Teaser,SuperM 슈퍼엠 ‘One (Monster & Infinity)’ MV
TAEMIN 태민 'Criminal' MV Teaser #2,TAEMIN 태민 'Criminal (Minit Remix)' MV
TAEMIN 태민 'Criminal' MV Teaser #1,TAEMIN 태민 'Criminal (Minit Remix)' MV
SUPER JUNIOR-D&E 슈퍼주니어-D&E 'B.A.D' MV Teaser #2,SUPER JUNIOR-D&E 슈퍼주니어-D&E 'B.A.D' MV
SUPER JUNIOR-D&E 슈퍼주니어-D&E 'B.A.D' MV Teaser #1,SUPER JUNIOR-D&E 슈퍼주니어-D&E 'B.A.D' MV
SuperM 슈퍼엠 ‘호랑이 (Tiger Inside)’ MV Teaser,SuperM 슈퍼엠 ‘호랑이 (Tiger Inside)’ MV
SuperM 슈퍼엠 ‘100' MV Teaser,SuperM 슈퍼엠 ‘100' MV
TAEMIN 태민 '2 KIDS' MV Teaser,TAEMIN 태민 ‘2 KIDS’ MV
WayV 威神V 'Bad Alive (English Ver.)' MV Teaser,WayV 威神V 'Bad Alive (English Ver.)' MV
"HYO 효연 ‘DESSERT (Feat. Loopy, SOYEON ((G)I-DLE))’ MV Teaser","HYO 효연 ‘DESSERT (Feat. Loopy, SOYEON ((G)I-DLE))’ MV"
[STATION] 서울시향 X 박인영 ‘빨간 맛 (Red Flavor) (Orchestra Ver.)’ MV Teaser,[STATION] 서울시향 X 박인영 ‘빨간 맛 (Red Flavor) (Orchestra Ver.)’ MV
EXO-SC 세훈&찬열 '10억뷰 (1 Billion Views) (Feat. MOON)' MV Teaser,EXO-SC 세훈&찬열 '10억뷰 (1 Billion Views) (Feat. MOON) (Mar Vista Remix)' MV
Red Velvet - IRENE & SEULGI 'Monster' MV Teaser #2,Red Velvet - IRENE & SEULGI 'Monster' MV
Red Velvet - IRENE & SEULGI 'Monster' MV Teaser #1,Red Velvet - IRENE & SEULGI 'Monster' MV
WayV 威神V 'Turn Back Time (超时空 回)' MV Teaser,WayV 威神V 'Turn Back Time (超时空 回)' MV
SUPER JUNIOR-K.R.Y. '푸르게 빛나던 우리의 계절 (When We Were Us)' MV Teaser #2,SUPER JUNIOR-K.R.Y. '푸르게 빛나던 우리의 계절 (When We Were Us)' MV
SUPER JUNIOR-K.R.Y. '푸르게 빛나던 우리의 계절 (When We Were Us)' MV Teaser #1,SUPER JUNIOR-K.R.Y. '푸르게 빛나던 우리의 계절 (When We Were Us)' MV
BAEKHYUN 백현 'Candy' MV Teaser #2,BAEKHYUN 백현 'Candy' MV
BAEKHYUN 백현 'Candy' MV Teaser #1,BAEKHYUN 백현 'Candy' MV
NCT 127 엔시티 127 'Punch' MV Teaser,NCT 127 엔시티 127 'Punch' MV
"Raiden X 찬열 CHANYEOL 'Yours (Feat. 이하이, 창모)' MV Teaser #2","Raiden X 찬열 CHANYEOL 'Yours (Feat. 이하이, 창모)' MV"
"Raiden X 찬열 CHANYEOL 'Yours (Feat. 이하이, 창모)' MV Teaser #1","Raiden X 찬열 CHANYEOL 'Yours (Feat. 이하이, 창모)' MV"
Lee Soo Young 이수영 '덩그러니 (A teardrop by itself) (Remake Ver.)' MV Teaser,Lee Soo Young 이수영 '덩그러니 (A teardrop by itself) (Remake Ver.)' MV
TAEYEON 태연 'Happy' MV Teaser #2,TAEYEON 태연 'Happy' MV
NCT DREAM 엔시티 드림 'Ridin'' MV Teaser,NCT DREAM 엔시티 드림 'Ridin' (Will Not Fear Remix)' MV
MAX CHANGMIN 최강창민 'Chocolate' MV Teaser #2,MAX CHANGMIN 최강창민 'Chocolate' MV
MAX CHANGMIN 최강창민 'Chocolate' MV Teaser #1,MAX CHANGMIN 최강창민 'Chocolate' MV
"SUHO 수호 '사랑, 하자 (Let’s Love)' MV Teaser #2","SUHO 수호 '사랑, 하자 (Let’s Love)' MV"
"SUHO 수호 '사랑, 하자 (Let’s Love)' MV Teaser #1","SUHO 수호 '사랑, 하자 (Let’s Love)' MV"
TAEYEON 태연 'Happy' MV Teaser #1,TAEYEON 태연 'Happy' MV
NCT 127 엔시티 127 '영웅 (英雄; Kick It)' MV Teaser,NCT 127 엔시티 127 '영웅 (英雄; Kick It) (Valentino Khan Remix)' MV
Lee Soo Young 이수영 '날 찾아 (Find Me)' MV Teaser,Lee Soo Young 이수영 '날 찾아 (Find Me)' MV
SOHLHEE 솔희 'LADY' MV Teaser,SOHLHEE 솔희 'LADY' MV
IMLAY 'Asteroid (Feat. YANGYANG of WayV)' MV Teaser,IMLAY 'Asteroid (Feat. YANGYANG of WayV)' MV
SUPER JUNIOR 슈퍼주니어 '2YA2YAO!' MV Teaser,SUPER JUNIOR 슈퍼주니어 '2YA2YAO!' MV
SUPER JUNIOR 슈퍼주니어 '2YA2YAO!' MV Teaser Clip #3,SUPER JUNIOR 슈퍼주니어 '2YA2YAO!' MV
SUPER JUNIOR 슈퍼주니어 '2YA2YAO!' MV Teaser Clip #1,SUPER JUNIOR 슈퍼주니어 '2YA2YAO!' MV
TAEYEON 태연 '내게 들려주고 싶은 말 (Dear Me)' MV Teaser,TAEYEON 태연 '내게 들려주고 싶은 말 (Dear Me)' MV
Red Velvet 레드벨벳 'Psycho' MV Teaser,Red Velvet 레드벨벳 'Psycho' MV
Jang Jane 장재인 '꽃잎점 (Petal fortune)' MV Teaser,Jang Jane 장재인 '꽃잎점 (Petal fortune)' MV
Jang Jane 장재인 'Venus' MV Teaser,Jang Jane 장재인 'Venus' MV
우주 쪼꼬미 Woojoo jjokkomi '하얀 겨울 (White Winter)' MV Teaser,우주 쪼꼬미 Woojoo jjokkomi '하얀 겨울 (White Winter)' MV
"[STATION X] NCT U 엔시티 유 'Coming Home (Sung by 태일, 도영, 재현, 해찬)' MV Teaser","[STATION X] NCT U 엔시티 유 'Coming Home (Sung by 태일, 도영, 재현, 해찬)' MV"
BoA 보아 'Starry Night (Feat. Crush)' MV Teaser,BoA 보아 'Starry Night (Feat. Crush)' MV
EXO 엑소 'Obsession' MV Teaser,EXO 엑소 'Obsession' MV
SUNGMIN 성민 ‘오르골 (Orgel)’ MV Teaser #2,SUNGMIN 성민 '오르골 (Orgel)' MV
SUNGMIN 성민 ‘오르골 (Orgel)’ MV Teaser #1,SUNGMIN 성민 '오르골 (Orgel)' MV
PENOMECO 페노메코 X ELO 엘로 'LOVE? (Feat. GRAY 그레이)' MV Teaser #2,PENOMECO 페노메코 X ELO 엘로 'LOVE? (Feat. GRAY 그레이)' MV
PENOMECO 페노메코 X ELO 엘로 'LOVE? (Feat. GRAY 그레이)' MV Teaser #1,PENOMECO 페노메코 X ELO 엘로 'LOVE? (Feat. GRAY 그레이)' MV
WayV 威神V 'Love Talk' MV Teaser,WayV 威神V 'Love Talk' MV
WayV 威神V '天选之城 (Moonwalk)' MV Teaser,WayV 威神V '天选之城 (Moonwalk)' MV
TAEYEON 태연 '불티 (Spark)' MV Teaser #2,TAEYEON 태연 '불티 (Spark)' MV
TAEYEON 태연 '불티 (Spark)' MV Teaser #1,TAEYEON 태연 '불티 (Spark)' MV
SUPER JUNIOR 슈퍼주니어 'SUPER Clap' MV Teaser #2,SUPER JUNIOR 슈퍼주니어 'SUPER Clap' MV
SUPER JUNIOR 슈퍼주니어 'SUPER Clap' MV Teaser #1,SUPER JUNIOR 슈퍼주니어 'SUPER Clap' MV
SUPER JUNIOR 슈퍼주니어 'I Think I' MV Teaser,SUPER JUNIOR 슈퍼주니어 'I Think I' MV
SuperM 슈퍼엠 ‘Jopping’ MV Teaser,SuperM 슈퍼엠 ‘Jopping’ MV
CHEN 첸 '우리 어떻게 할까요 (Shall we?)' MV Teaser #2,CHEN 첸 '우리 어떻게 할까요 (Shall we?)' MV
CHEN 첸 '우리 어떻게 할까요 (Shall we?)' MV Teaser #1,CHEN 첸 '우리 어떻게 할까요 (Shall we?)' MV
Bray 브레이 '주말의 영화 (Movie on Weekend) (Feat. SOHLHEE)' MV Teaser,Bray 브레이 '주말의 영화 (Movie on Weekend) (Feat. SOHLHEE)' MV
IMLAY 'Without U (Feat. Danyka Nadeau)' MV Teaser,IMLAY 'Without U (Feat. Danyka Nadeau)' MV
Red Velvet 레드벨벳 '음파음파 (Umpah Umpah)' MV Teaser,Red Velvet 레드벨벳 '음파음파 (Umpah Umpah)' MV
GIANT PINK 자이언트핑크 'Forever Young (Feat. 릴러말즈)' MV Teaser,GIANT PINK 자이언트핑크 'Forever Young (Feat. 릴러말즈)' MV
KANGTA 강타 'Love Song (Feat. Paloalto)' MV Teaser,KANGTA 강타 'Love Song (Feat. Paloalto)' MV
Raiden 레이든 'The Only (Feat. 아이린 of Red Velvet)' MV Teaser,Raiden 레이든 'The Only (Feat. 아이린 of Red Velvet)' MV
NCT DREAM 엔시티 드림 'BOOM' MV Teaser,NCT DREAM 엔시티 드림 'BOOM' MV
NCT 127 엔시티 127 'Highway to Heaven (English Ver.)' MV Teaser,NCT 127 엔시티 127 'Highway to Heaven (English Ver.)' MV
EXO-SC 세훈&찬열 'What a life' MV Teaser,EXO-SC 세훈&찬열 'What a life' MV
HYO 효연 'Badster' MV Teaser (English Ver.),HYO 효연 'Badster (English Ver.)' MV
[STATION 3] TAEYONG 태용 'Long Flight' MV Teaser,[STATION 3] TAEYONG 태용 'Long Flight' MV
HYO 효연 'Badster' MV Teaser (Korean Ver.),HYO 효연 'Badster (English Ver.)' MV
BAEKHYUN 백현 'UN Village' MV Teaser,BAEKHYUN 백현 'UN Village' MV
SOHLHEE 솔희 '안읽씹 (He ghosted me)' MV Teaser,SOHLHEE 솔희 '안읽씹 (He ghosted me)' MV
SULLI 설리 '고블린 (Goblin)' MV Teaser S3,SULLI 설리 '고블린 (Goblin)' MV
SULLI 설리 '고블린 (Goblin)' MV Teaser S2,SULLI 설리 '고블린 (Goblin)' MV
SULLI 설리 '고블린 (Goblin)' MV Teaser S1,SULLI 설리 '고블린 (Goblin)' MV
"Red Velvet 레드벨벳 '짐살라빔 (Zimzalabim)' MV Teaser : ""The ReVe Festival Eve""",Red Velvet 레드벨벳 '짐살라빔 (Zimzalabim)' MV
Red Velvet 레드벨벳 '짐살라빔 (Zimzalabim)' MV Teaser,Red Velvet 레드벨벳 '짐살라빔 (Zimzalabim)' MV
YESUNG 예성 'Pink Magic' MV Teaser,YESUNG 예성 'Pink Magic' MV
U-KNOW 유노윤호 'Follow' MV Teaser #2,U-KNOW 유노윤호 'Follow' MV
U-KNOW 유노윤호 'Follow' MV Teaser #1,U-KNOW 유노윤호 'Follow' MV
BoA 보아 'Feedback (Feat. 넉살)' MV Teaser,BoA 보아 'Feedback (Feat. 넉살)' MV
YOONA 윤아 '여름밤 (Feat. 스무살) (Summer Night)' MV Teaser #2,YOONA 윤아 '여름밤 (Feat. 스무살) (Summer Night)' MV
GIANT PINK 자이언트핑크 '월요일 보다는 화요일 (Tuesday is better than Monday) (Feat. 예리 of Red Velvet)' MV Teaser,GIANT PINK 자이언트핑크 '월요일 보다는 화요일 (Tuesday is better than Monday) (Feat. 예리 of Red Velvet)' MV
YOONA 윤아 '여름밤 (Feat. 스무살) (Summer Night)' MV Teaser #1,YOONA 윤아 '여름밤 (Feat. 스무살) (Summer Night)' MV
BeatBurger 비트버거 'Butterfly Ribbon' MV Teaser,BeatBurger 비트버거 'Butterfly Ribbon' MV
BeatBurger 비트버거 'Alzheimer' MV Teaser,BeatBurger 비트버거 'Alzheimer' MV
NCT 127 엔시티 127 'Superhuman' MV Teaser,NCT 127 엔시티 127 'Superhuman' MV
[STATION 3] Hitchhiker 히치하이커 'NADA' MV Teaser #2,[STATION 3] Hitchhiker 히치하이커 'NADA' MV
KYUHYUN 규현 '애월리 (Aewol-ri)' MV Teaser,KYUHYUN 규현 '애월리 (Aewol-ri)' MV
[STATION 3] Hitchhiker 히치하이커 'NADA' MV Teaser #1,[STATION 3] Hitchhiker 히치하이커 'NADA' MV
TAEYEON テヨン 「VOICE」 MV Teaser,TAEYEON テヨン 「VOICE」 MV
WayV 威神V '无翼而飞 (Take Off)' MV Teaser,WayV 威神V '无翼而飞 (Take Off)' MV
[STATION 3] XIUMIN 시우민 '이유 (You)' MV Teaser,[STATION 3] XIUMIN 시우민 '이유 (You)' MV
[STATION 3] CHANYEOL 찬열 '봄 여름 가을 겨울 (SSFW)' MV Teaser,[STATION 3] CHANYEOL 찬열 '봄 여름 가을 겨울 (SSFW)' MV
KIM HEECHUL 김희철 ‘옛날 사람 (Old Movie)’ MV Teaser,KIM HEECHUL 김희철 ‘옛날 사람 (Old Movie)’ MV
SUPER JUNIOR-D&E 슈퍼주니어-D&E '땡겨 (Danger)' MV Teaser #2,SUPER JUNIOR-D&E 슈퍼주니어-D&E '땡겨 (Danger)' MV
SUPER JUNIOR-D&E 슈퍼주니어-D&E '땡겨 (Danger)' MV Teaser #1,SUPER JUNIOR-D&E 슈퍼주니어-D&E '땡겨 (Danger)' MV
CHEN 첸 '사월이 지나면 우리 헤어져요 (Beautiful goodbye)' MV Teaser,CHEN 첸 '사월이 지나면 우리 헤어져요 (Beautiful goodbye)' MV
SOHLHEE 솔희 '보라색 (Purple) (Feat. 태일 of NCT)' MV Teaser,SOHLHEE 솔희 '보라색 (Purple) (Feat. 태일 of NCT)' MV
[STATION 3] MINHO 민호 'I’m Home (그래)' MV Teaser,[STATION 3] MINHO 민호 'I’m Home (그래)' MV
[STATION 3] YERI 예리 '스물에게 (Dear Diary)' MV Teaser,[STATION 3] YERI 예리 '스물에게 (Dear Diary)' MV
[STATION 3] SUV (신동&UV) '치어맨 (Cheer Man)' MV Teaser,[STATION 3] SUV (신동&UV) '치어맨 (Cheer Man)' MV
KEY 키 'I Wanna Be (Feat. 소연 of (여자)아이들)' MV Teaser,KEY 키 'I Wanna Be (Feat. 소연 of (여자)아이들)' MV
[STATION 3] KEY 키 'Cold (Feat. 한해)' MV Teaser,[STATION 3] KEY 키 'Cold (Feat. 한해)' MV
SUPER JUNIOR-YESUNG 'いま会いにゆきます 〜IF you〜' MV Teaser,SUPER JUNIOR-YESUNG 'いま会いにゆきます 〜IF you〜' MV
TAEMIN 태민 'WANT' MV Teaser #2,TAEMIN 태민 'WANT' MV
TAEMIN 태민 'WANT' MV Teaser #1,TAEMIN 태민 'WANT' MV
SUPER JUNIOR-YESUNG 'Because I Love You ～大切な絆～' MV Teaser,SUPER JUNIOR-YESUNG 'Because I Love You ～大切な絆～' MV
WayV 威神V '梦想发射计划 (Dream Launch)' MV Teaser,WayV 威神V '梦想发射计划 (Dream Launch)' MV
[STATION 3] Colde 콜드 '상실 (Loss)' MV Teaser,[STATION 3] Colde 콜드 '상실 (Loss)' MV
WayV 威神V '理所当然 (Regular)' MV Teaser,WayV 威神V '理所当然 (Regular)' MV
[STATION 3] 예성 (YESUNG) X 범키 (BUMKEY) 'Carpet' MV Teaser,[STATION 3] 예성 (YESUNG) X 범키 (BUMKEY) 'Carpet' MV
Red Velvet レッドベルベット ‘SAPPY’ MV Teaser,Red Velvet レッドベルベット ‘SAPPY’ MV
LUNA 루나 '운다고 (Even So)' MV Teaser,LUNA 루나 '운다고 (Even So)' MV
[STATION 3] NCT DREAM 엔시티 드림 '사랑한단 뜻이야 (Candle Light)' MV Teaser,[STATION 3] NCT DREAM 엔시티 드림 '사랑한단 뜻이야 (Candle Light)' MV
TVXQ! 동방신기 'Truth' MV Teaser #2,TVXQ! 동방신기 'Truth' MV
TVXQ! 동방신기 'Truth' MV Teaser #1,TVXQ! 동방신기 'Truth' MV
ZHOUMI 조미 ‘寂寞烟火 (The Lonely Flame)’ MV Teaser,ZHOUMI 조미 ‘寂寞烟火 (The Lonely Flame)’ MV
예성 (YESUNG) X 청하 'Whatcha Doin' (지금 어디야?)' MV Teaser,예성 (YESUNG) X 청하 'Whatcha Doin' (지금 어디야?)' MV
[STATION 3] 예리X런쥔X제노X재민 'Hair in the Air (Trolls: The Beat Goes On Theme)' MV Teaser,[STATION 3] 예리X런쥔X제노X재민 'Hair in the Air (Trolls: The Beat Goes On Theme)' MV
EXO 엑소 'Love Shot' MV Teaser #2,EXO 엑소 'Love Shot' MV
TraxX 트랙스 'ESCAPE' MV Teaser,TraxX 트랙스 'ESCAPE' MV
EXO 엑소 'Love Shot' MV Teaser #1,EXO 엑소 'Love Shot' MV
ONEW 온유 'Blue' MV Teaser,ONEW 온유 'Blue' MV
AMBER 엠버 'Countdown (Feat. LDN Noise)' MV Teaser,AMBER 엠버 'Countdown (Feat. LDN Noise)' MV
Red Velvet 레드벨벳 'RBB (Really Bad Boy)' MV Teaser,Red Velvet 레드벨벳 'RBB (Really Bad Boy) (English Ver.)' MV
[STATION 3] Jonah Nilsson X 루카스 (LUCAS) 'Coffee Break (Feat. Richard Bona)' MV Teaser,[STATION 3] Jonah Nilsson X 루카스 (LUCAS) 'Coffee Break (Feat. Richard Bona)' MV
KEY 키 '센 척 안 해 (One of Those Nights) (Feat. Crush)' MV Teaser,KEY 키 '센 척 안 해 (One of Those Nights) (Feat. Crush)' MV
NCT 127 엔시티 127 'Simon Says' MV Teaser,NCT 127 엔시티 127 'Simon Says' MV
HYO 효연 & 3LAU 'Punk Right Now' MV Teaser,HYO 효연 & 3LAU 'Punk Right Now' MV
KEY 키 'Forever Yours (Feat. 소유)' MV Teaser #3,KEY 키 'Forever Yours (Feat. 소유)' MV
KEY 키 'Forever Yours (Feat. 소유)' MV Teaser #2,KEY 키 'Forever Yours (Feat. 소유)' MV
KEY 키 'Forever Yours (Feat. 소유)' MV Teaser #1,KEY 키 'Forever Yours (Feat. 소유)' MV
EXO 엑소 'Tempo' MV Teaser,EXO 엑소 'Tempo' MV
BoA 보아 'Woman' MV Teaser #2,BoA 보아 'Woman' MV
BoA 보아 'Woman' MV Teaser #1,BoA 보아 'Woman' MV
[STATION X 0] John Legend X 웬디 (WENDY) 'Written In The Stars' MV Teaser,[STATION X 0] John Legend X 웬디 (WENDY) 'Written In The Stars' MV
LAY 레이 'NAMANANA' MV Teaser,LAY 레이 'NAMANANA' MV
NCT 127 엔시티 127 'Regular' MV Teaser #2,NCT 127 엔시티 127 'Regular (Korean Ver.)' MV
NCT 127 엔시티 127 'Regular' MV Teaser #1,NCT 127 엔시티 127 'Regular (Korean Ver.)' MV
LAY 레이 'Give Me A Chance' MV Teaser,LAY 레이 'Give Me A Chance' MV
YURI 유리 '빠져가 (Into You)' MV Teaser,YURI 유리 '빠져가 (Into You)' MV
[STATION X 0] 슬기(SEULGI)X신비(여자친구)X청하X소연 'Wow Thing' MV Teaser,[STATION X 0] 슬기(SEULGI)X신비(여자친구)X청하X소연 'Wow Thing' MV
[STATION X 0] 찬열 (CHANYEOL) X 세훈 (SEHUN) 'We Young' MV Teaser,[STATION X 0] 찬열 (CHANYEOL) X 세훈 (SEHUN) 'We Young' MV
Girls' Generation-Oh!GG 소녀시대-Oh!GG '몰랐니 (Lil' Touch)' MV Teaser,Girls' Generation-Oh!GG 소녀시대-Oh!GG '몰랐니 (Lil' Touch)' MV
NCT DREAM 엔시티 드림 'We Go Up' MV Teaser,NCT DREAM 엔시티 드림 'We Go Up' MV
[STATION X 0] 백현 (BAEKHYUN) X 로꼬 'YOUNG' MV Teaser,[STATION X 0] 백현 (BAEKHYUN) X 로꼬 'YOUNG' MV
SUPER JUNIOR-D&E 슈퍼주니어-D&E '머리부터 발끝까지 ('Bout you)' MV Teaser #2,SUPER JUNIOR-D&E 슈퍼주니어-D&E '머리부터 발끝까지 ('Bout you)' MV
SUPER JUNIOR-D&E 슈퍼주니어-D&E '머리부터 발끝까지 ('Bout you)' MV Teaser #1,SUPER JUNIOR-D&E 슈퍼주니어-D&E '머리부터 발끝까지 ('Bout you)' MV
[STATION X 0] 태연 (TAEYEON) X 멜로망스 'Page 0' MV Teaser,[STATION X 0] 태연 (TAEYEON) X 멜로망스 'Page 0' MV
Red Velvet 레드벨벳 'Power Up' MV Teaser,Red Velvet 레드벨벳 'Power Up' MV
Red Velvet レッドベルベット '#Cookie Jar' MV Teaser #1,Red Velvet レッドベルベット '#Cookie Jar' MV
Red Velvet レッドベルベット '#Cookie Jar' MV Teaser #2,Red Velvet レッドベルベット '#Cookie Jar' MV
TAEYEON 태연 'Something New' MV Teaser,TAEYEON 태연 'Something New' MV
윤아 (YOONA) X 이상순 '너에게 (To You)' MV Teaser,윤아 (YOONA) X 이상순 '너에게 (To You)' MV
LUNA 루나 '그런 밤 (Night Reminiscin’) (With 양다일)' MV Teaser,LUNA 루나 '그런 밤 (Night Reminiscin’) (With 양다일)' MV
ZHOUMI 조미 '我不管 (I don’t care)' MV Teaser,ZHOUMI 조미 '我不管 (I don’t care)' MV
HYO 효연 'Sober (Feat. Ummet Ozcan)' MV Teaser,HYO 효연 'Sober (Feat. Ummet Ozcan) (English Ver.)' MV
SUPER JUNIOR 슈퍼주니어 'Lo Siento (Feat. Leslie Grace)' MV Teaser #2,SUPER JUNIOR 슈퍼주니어 'Lo Siento (Feat. Leslie Grace)' MV
EXO-CBX (첸백시) '花요일 (Blooming Day)' MV Teaser,EXO-CBX (첸백시) '花요일 (Blooming Day)' MV
[STATION] TEN 텐 'New Heroes' MV Teaser,[STATION] TEN 텐 'New Heroes' MV
SUPER JUNIOR 슈퍼주니어 'Lo Siento (Feat. Leslie Grace)' MV Teaser #1,SUPER JUNIOR 슈퍼주니어 'Lo Siento (Feat. Leslie Grace)' MV
NCT U 엔시티 유 'YESTODAY' MV Teaser,NCT U 엔시티 유 'YESTODAY' MV
[STATION] GINJO 'You (Feat. ANGEL)' MV Teaser,[STATION] GINJO 'You (Feat. ANGEL)' MV
TVXQ! 동방신기 '운명 (The Chance of Love)' MV Teaser,TVXQ! 동방신기 '운명 (The Chance of Love)' MV
TVXQ! 동방신기 '운명 (The Chance of Love)' MV Teaser (U-KNOW Ver.),TVXQ! 동방신기 '운명 (The Chance of Love)' MV
TVXQ! 동방신기 '운명 (The Chance of Love)' MV Teaser (MAX CHANGMIN Ver.),TVXQ! 동방신기 '운명 (The Chance of Love)' MV
TVXQ! 동방신기 '평행선 (Love Line)' MV Teaser,TVXQ! 동방신기 '평행선 (Love Line)' MV
[STATION] YESEO (예서) 'Privacy' MV Teaser,[STATION] YESEO (예서) 'Privacy' MV
NCT 127 엔시티 127 'TOUCH' MV Teaser,NCT 127 엔시티 127 'TOUCH' MV
[STATION] 수호 (SUHO) X 장재인 'Dinner' MV Teaser,[STATION] 수호 (SUHO) X 장재인 'Dinner' MV
[STATION] SUNGMIN 성민 '낮 꿈 (Day Dream)' MV Teaser,[STATION] SUNGMIN 성민 '낮 꿈 (Day Dream)' MV
NCT U 엔시티 유 'Baby Don't Stop' MV Teaser,NCT U 엔시티 유 'Baby Don't Stop' MV
[STATION] TRAX X LIP2SHOT 'Notorious (Feat. Sophiya)' MV Teaser,[STATION] TRAX X LIP2SHOT 'Notorious (Feat. Sophiya)' MV
"BoA 보아 'ONE SHOT, TWO SHOT' MV Teaser","BoA 보아 'ONE SHOT, TWO SHOT' MV"
NCT U 엔시티 유 'BOSS' MV Teaser,NCT U 엔시티 유 'BOSS' MV
[STATION] 문정재 X PACE 'Nikolai Kapustin : Piano Quintet No.1 – 1st Mov. Allegro' MV Teaser,[STATION] 문정재 X PACE 'Nikolai Kapustin : Piano Quintet No.1 – 1st Mov. Allegro' MV
BoA 보아 '내가 돌아 (NEGA DOLA)' MV Teaser,BoA 보아 '내가 돌아 (NEGA DOLA)' MV
[STATION] 유리 (YURI) X Raiden 'Always Find You' MV Teaser #2,[STATION] 유리 (YURI) X Raiden 'Always Find You (Korean Ver.)' MV
[STATION] 유리 (YURI) X Raiden 'Always Find You' MV Teaser #1,[STATION] 유리 (YURI) X Raiden 'Always Find You (Korean Ver.)' MV
[STATION] 엠버 (AMBER) X 루나 (LUNA) 'Lower' MV Teaser,[STATION] 엠버 (AMBER) X 루나 (LUNA) 'Lower' MV
[STATION] NCT DREAM 엔시티 드림 'JOY' MV Teaser,[STATION] NCT DREAM 엔시티 드림 'JOY' MV
TAEYEON 태연 'This Christmas' MV Teaser,TAEYEON 태연 'This Christmas' MV
TAEMIN 태민 '낮과 밤 (Day and Night)' MV Teaser #Day,TAEMIN 태민 '낮과 밤 (Day and Night)' MV
TAEMIN 태민 '낮과 밤 (Day and Night)' MV Teaser #Night,TAEMIN 태민 '낮과 밤 (Day and Night)' MV
[STATION] 백아연 X 웬디 (WENDY) '성냥팔이 소녀 (The Little Match Girl)' MV Teaser,[STATION] 백아연 X 웬디 (WENDY) '성냥팔이 소녀 (The Little Match Girl)' MV
[STATION] Juncoco X Advanced 'Atmosphere (Feat. 에일리)' MV Teaser,[STATION] Juncoco X Advanced 'Atmosphere (Feat. 에일리)' MV
SUPER JUNIOR 슈퍼주니어 'Black Suit' MV Teaser #3,SUPER JUNIOR 슈퍼주니어 'Black Suit' MV
SUPER JUNIOR 슈퍼주니어 'Black Suit' MV Teaser #2,SUPER JUNIOR 슈퍼주니어 'Black Suit' MV
SUPER JUNIOR 슈퍼주니어 'Black Suit' MV Teaser #1,SUPER JUNIOR 슈퍼주니어 'Black Suit' MV
SUPER JUNIOR 슈퍼주니어 '비처럼 가지마요 (One More Chance)' MV Teaser,SUPER JUNIOR 슈퍼주니어 '비처럼 가지마요 (One More Chance)' MV
BeatBurger 비트버거 'MONSTER' MV Teaser,BeatBurger 비트버거 'MONSTER' MV
[STATION] 도영 X 세정 '별빛이 피면 (Star Blossom)' MV Teaser,[STATION] 도영 X 세정 '별빛이 피면 (Star Blossom)' MV
LAY 레이 'SHEEP (羊)' MV Teaser,LAY 레이 'SHEEP (羊)' MV
[STATION] MAX CHANGMIN 최강창민 '여정 (In A Different Life)' MV Teaser #2,[STATION] MAX CHANGMIN 최강창민 '여정 (In A Different Life)' MV
[STATION] U-KNOW 유노윤호 'DROP' MV Teaser #2,[STATION] U-KNOW 유노윤호 'DROP' MV
[STATION] MAX CHANGMIN 최강창민 '여정 (In A Different Life)' MV Teaser #1,[STATION] MAX CHANGMIN 최강창민 '여정 (In A Different Life)' MV
[STATION] U-KNOW 유노윤호 'DROP' MV Teaser #1,[STATION] U-KNOW 유노윤호 'DROP' MV
EXO 엑소 '超音力 (Power)' MV Teaser,EXO 엑소 '超音力 (Power)' MV
EXO 엑소 'Power' MV Teaser,EXO 엑소 'Power' MV
HENRY 헨리 'That One' MV Teaser,HENRY 헨리 'That One' MV
[STATION] PENOMECO 'HUNNIT' MV Teaser,[STATION] PENOMECO 'HUNNIT' MV
[STATION] 유영진 X 태용 (TAEYONG) '함께 (Cure)' MV Teaser,[STATION] 유영진 X 태용 (TAEYONG) '함께 (Cure)' MV
Girls' Generation 소녀시대 'Holiday' MV Teaser,Girls' Generation 소녀시대 'Holiday' MV
[STATION] Charli Taft 'Love Like You' MV Teaser,[STATION] Charli Taft 'Love Like You' MV
EXO 엑소 '叩叩趴 (Ko Ko Bop)' MV Teaser,EXO 엑소 '叩叩趴 (Ko Ko Bop)' MV
EXO 엑소 'Ko Ko Bop' MV Teaser,EXO 엑소 'Ko Ko Bop' MV
[STATION] THE SOLUTIONS 솔루션스 'All That You Want' MV Teaser,[STATION] THE SOLUTIONS 솔루션스 'All That You Want' MV
Red Velvet 레드벨벳 '빨간 맛 (Red Flavor)' MV Teaser,Red Velvet 레드벨벳 '빨간 맛 (Red Flavor)' MV
[STATION] 시우민 X 마크 'Young & Free' MV Teaser,[STATION] 시우민 X 마크 'Young & Free' MV
[STATION] IMLAY X Sik-K '데칼코마니 (Decalcomanie)' MV Teaser,[STATION] IMLAY X Sik-K '데칼코마니 (Decalcomanie)' MV
[STATION] 장진영 X 바버렛츠 'Stranger's Love' MV Teaser,[STATION] 장진영 X 바버렛츠 'Stranger's Love' MV
HENRY 헨리 '끌리는 대로 (I'm good) (Feat. nafla)' MV Teaser (HENRY Ver.),HENRY 헨리 '끌리는 대로 (I'm good) (Feat. nafla)' MV
HENRY 헨리 '끌리는 대로 (I'm good) (Feat. nafla)' MV Teaser (nafla Ver.),HENRY 헨리 '끌리는 대로 (I'm good) (Feat. nafla)' MV
[STATION] Astrid Holiday 'New Beginning' MV Teaser,[STATION] Astrid Holiday 'New Beginning' MV
[STATION] Vinicius 비니셔스 '쉽게 (Easy)' MV Teaser,[STATION] Vinicius 비니셔스 '쉽게 (Easy)' MV
HYOYEON 효연 'Wannabe (Feat. San E)' MV Teaser,HYOYEON 효연 'Wannabe (Feat. San E)' MV
[STATION] 김세황 X 김정모 'Nostalgia' MV Teaser,[STATION] 김세황 X 김정모 'Nostalgia' MV
KYUHYUN 규현 '다시 만나는 날 (Goodbye for now)' MV Teaser,KYUHYUN 규현 '다시 만나는 날 (Goodbye for now)' MV
[STATION] Myron Mckinley Trio 'E-12 (Live)' MV Teaser,[STATION] Myron Mckinley Trio 'E-12 (Live)' MV
[STATION] 온유 X 로코베리 '수면제 (Lullaby)' MV Teaser,[STATION] 온유 X 로코베리 '수면제 (Lullaby)' MV
JONGHYUN 종현 'Lonely (Feat. 태연)' MV Teaser,JONGHYUN 종현 'Lonely (Feat. 태연)' MV
YESUNG 예성 '봄날의 소나기 (Paper Umbrella)' MV Teaser,YESUNG 예성 '봄날의 소나기 (Paper Umbrella)' MV
[STATION] BAEKHYUN 백현 '바래다줄게 (Take You Home)' MV Teaser,[STATION] BAEKHYUN 백현 '바래다줄게 (Take You Home)' MV
[STATION] TEN 텐 '夢中夢 (몽중몽; Dream In A Dream)' MV Teaser,[STATION] TEN 텐 '夢中夢 (몽중몽; Dream In A Dream)' MV
TAEYEON 태연 'Make Me Love You' MV Teaser,TAEYEON 태연 'Make Me Love You' MV
TAEYEON 태연 'Fine' MV Teaser,TAEYEON 태연 'Fine' MV
TAEYEON 태연 'I Got Love' MV Teaser #2,TAEYEON 태연 'I Got Love' MV
TAEYEON 태연 'I Got Love' MV Teaser #1,TAEYEON 태연 'I Got Love' MV
NCT DREAM 엔시티 드림 '最後的初戀 (My First and Last)' MV Teaser #2,NCT DREAM 엔시티 드림 '最後的初戀 (My First and Last)' MV
NCT DREAM 엔시티 드림 '마지막 첫사랑 (My First and Last)' MV Teaser #2,NCT DREAM 엔시티 드림 '마지막 첫사랑 (My First and Last)' MV
NCT DREAM 엔시티 드림 '最後的初戀 (My First and Last)' MV Teaser #1,NCT DREAM 엔시티 드림 '最後的初戀 (My First and Last)' MV
NCT DREAM 엔시티 드림 '마지막 첫사랑 (My First and Last)' MV Teaser #1,NCT DREAM 엔시티 드림 '마지막 첫사랑 (My First and Last)' MV
[STATION] 예성 X 슬기 'Darling U' MV Teaser,[STATION] 예성 X 슬기 'Darling U' MV
SEOHYUN 서현 'Don't Say No' MV Teaser #2,SEOHYUN 서현 'Don't Say No' MV
SEOHYUN 서현 'Don't Say No' MV Teaser #1,SEOHYUN 서현 'Don't Say No' MV
[STATION] 윤도현 (YOON DO HYUN) 'Sparks Fly' MV Teaser,[STATION] 윤도현 (YOON DO HYUN) 'Sparks Fly' MV
S.E.S. 'Remember' MV Teaser,S.E.S. 'Remember' MV
S.E.S. '한 폭의 그림 (Paradise)' MV Teaser,S.E.S. '한 폭의 그림 (Paradise)' MV
[STATION] 웬디 X 문정재 X 이나일 'Have Yourself A Merry Little Christmas' MV Teaser,[STATION] 웬디 X 문정재 X 이나일 'Have Yourself A Merry Little Christmas' MV
LEE DONG WOO 이동우 '톡탁 (What A Wonderful Cane)' MV Teaser,LEE DONG WOO 이동우 '톡탁 (What A Wonderful Cane)' MV
EXO 엑소 'For Life' MV Teaser,EXO 엑소 'For Life' MV
[STATION] 신용재 X 루나 '그대라서 (It’s You)' MV Teaser,[STATION] 신용재 X 루나 '그대라서 (It’s You)' MV
[STATION] HYOYEON 효연 'Mystery' MV Teaser,[STATION] HYOYEON 효연 'Mystery' MV
SHINee 샤이니 'Tell Me What To Do' MV Teaser,SHINee 샤이니 'Tell Me What To Do' MV
KYUHYUN 규현 '여전히 아늑해 (Still)' MV Teaser,KYUHYUN 규현 '여전히 아늑해 (Still)' MV
KYUHYUN 규현 '블라블라 (Blah Blah)' MV Teaser,KYUHYUN 규현 '블라블라 (Blah Blah)' MV
[STATION] 임슬옹 X 조이 '이별을 배웠어 (Always In My Heart)' MV Teaser,[STATION] 임슬옹 X 조이 '이별을 배웠어 (Always In My Heart)' MV
KANGTA 강타 '단골식당 (Diner)' MV Teaser,KANGTA 강타 '단골식당 (Diner)' MV
TAEYEON 태연 '11:11' MV Teaser,TAEYEON 태연 '11:11' MV
EXO-CBX (첸백시) 'Hey Mama!' MV Teaser,EXO-CBX (첸백시) 'Hey Mama!' MV
[STATION] 윤도현 X Reddy X G2 X INLAYER X JOHNNY 'Nightmare' MV Teaser,[STATION] 윤도현 X Reddy X G2 X INLAYER X JOHNNY 'Nightmare' MV
LAY 레이 'LOSE CONTROL (失控)' MV Teaser,LAY 레이 'LOSE CONTROL (失控)' MV
[STATION] 헨리 X 소유 '우리 둘 (Runnin’)' MV Teaser,[STATION] 헨리 X 소유 '우리 둘 (Runnin’)' MV
Red Velvet 레드벨벳 '러시안 룰렛 (Russian Roulette)' MV Teaser,Red Velvet 레드벨벳 '러시안 룰렛 (Russian Roulette)' MV
[STATION] Hitchhiker '$10' MV Teaser,[STATION] Hitchhiker '$10' MV
[STATION] 박진영X효연X민X조권 'Born to be Wild (Feat. 박진영)' MV Teaser,[STATION] 박진영X효연X민X조권 'Born to be Wild (Feat. 박진영)' MV
EXO 엑소 'Lotto' MV Teaser,EXO 엑소 'Lotto (Chinese Ver.)' MV
BeatBurger 비트버거 'VAGABOND' MV Teaser,BeatBurger 비트버거 'VAGABOND' MV
J-Min 제이민 'Ready For Your Love' MV Teaser,J-Min 제이민 'Ready For Your Love' MV
ZHOUMI 조미 'What’s Your Number?' MV Teaser,ZHOUMI 조미 'What’s Your Number?' MV
ZHOUMI 조미 '空房间 (Empty Room) (Chinese Ver.)' MV Teaser,ZHOUMI 조미 '空房间 (Empty Room) (Chinese Ver.)' MV
김희철 KIM HEECHUL & 김정모 KIM JUNGMO '울산바위 (Ulsanbawi)' MV Teaser,김희철 KIM HEECHUL & 김정모 KIM JUNGMO '울산바위 (Ulsanbawi)' MV
[STATION] J-Min 제이민 X 심은지 '집 앞에서 (Way Back Home)' MV Teaser,[STATION] J-Min 제이민 X 심은지 '집 앞에서 (Way Back Home)' MV
NCT 127 엔시티 127 '소방차 (Fire Truck)' MV Teaser,NCT 127 엔시티 127 '소방차 (Fire Truck)' MV
[STATION] 이특 X 수호 X 케이시 X 조영수 '나의 영웅 (My Hero)' MV Teaser,[STATION] 이특 X 수호 X 케이시 X 조영수 '나의 영웅 (My Hero)' MV
TAEYEON 태연 'Why' MV Teaser 2,TAEYEON 태연 'Why' MV
TAEYEON 태연 'Why' MV Teaser 1,TAEYEON 태연 'Why' MV
TAEYEON 태연 'Starlight (Feat. DEAN)' MV Teaser,TAEYEON 태연 'Starlight (Feat. DEAN)' MV
[STATION] LEE DONG WOO 이동우 X Orphée Noah 'Definition of Love' MV Teaser,[STATION] LEE DONG WOO 이동우 X Orphée Noah 'Definition of Love' MV
[STATION] TIFFANY 티파니 'Heartbreak Hotel (Feat. Simon Dominic)' MV Teaser,[STATION] TIFFANY 티파니 'Heartbreak Hotel (Feat. Simon Dominic)' MV
EXO 엑소 'Lucky One' MV Teaser,EXO 엑소 'Lucky One' MV
LUNA 루나 'Free Somebody' MV Teaser,LUNA 루나 'Free Somebody' MV
TIFFANY 티파니 'I Just Wanna Dance' MV Teaser,TIFFANY 티파니 'I Just Wanna Dance' MV
YESUNG 예성 '문 열어봐 (Here I am)' MV Teaser,YESUNG 예성 '문 열어봐 (Here I am)' MV
NCT U 엔시티 유 'WITHOUT YOU' MV Teaser,NCT U 엔시티 유 'WITHOUT YOU (Chinese Ver.)' MV
[STATION] AMBER 엠버 'Borders' MV Teaser,[STATION] AMBER 엠버 'Borders' MV
Red Velvet 레드벨벳 '7월 7일 (One Of These Nights)' MV Teaser,Red Velvet 레드벨벳 '7월 7일 (One Of These Nights)' MV
TAEMIN 태민 'Press Your Number' MV Teaser,TAEMIN 태민 'Press Your Number' MV
TAEYEON 태연 'Rain' MV Teaser #2,TAEYEON 태연 'Rain' MV
TAEYEON 태연 'Rain' MV Teaser #1,TAEYEON 태연 'Rain' MV
RYEOWOOK 려욱 '어린왕자 (The Little Prince)' MV Teaser,RYEOWOOK 려욱 '어린왕자 (The Little Prince)' MV
EXO 엑소 'Sing For You' MV Teaser,EXO 엑소 'Sing For You (为你而唱)' MV
Girls' Generation-TTS 소녀시대-태티서 'Dear Santa' MV Teaser #2,Girls' Generation-TTS 소녀시대-태티서 'Dear Santa' MV
Girls' Generation-TTS 소녀시대-태티서 'Dear Santa' MV Teaser #1,Girls' Generation-TTS 소녀시대-태티서 'Dear Santa' MV
f(x) 에프엑스 '4 Walls' MV Teaser,f(x) 에프엑스 '4 Walls' MV
KYUHYUN 규현 '밀리언조각(A Million Pieces)' MV Teaser 2,KYUHYUN 규현 '밀리언조각(A Million Pieces)' MV
KYUHYUN 규현 '밀리언조각(A Million Pieces)' MV Teaser 1,KYUHYUN 규현 '밀리언조각(A Million Pieces)' MV
TAEYEON 태연 'I (feat. Verbal Jint)' MV Teaser,TAEYEON 태연 'I (feat. Verbal Jint)' MV
SUPER JUNIOR 슈퍼주니어 'Magic' MV Teaser,SUPER JUNIOR 슈퍼주니어 'Magic' MV
Girls' Generation 소녀시대 'You Think' MV Teaser,Girls' Generation 소녀시대 'You Think' MV
Girls' Generation 소녀시대 'Lion Heart' MV Teaser,Girls' Generation 소녀시대 'Lion Heart' MV
SHINee 샤이니 'Married To The Music' MV Teaser,SHINee 샤이니 'Married To The Music' MV
TVXQ! 동방신기 '샴페인 (Champagne) (Sung By U-KNOW)' MV Teaser,TVXQ! 동방신기 '샴페인 (Champagne) (Sung By U-KNOW)' MV
SUPER JUNIOR 슈퍼주니어 'Devil' MV Teaser,SUPER JUNIOR 슈퍼주니어 'Devil' MV
Girls' Generation 소녀시대 'PARTY' MV Teaser,Girls' Generation 소녀시대 'PARTY' MV
EXO 엑소 'LOVE ME RIGHT' MV Teaser,EXO 엑소 'LOVE ME RIGHT' MV
김희철 KIM HEECHUL & 김정모 KIM JUNGMO '하고 싶어 (I Wish)' MV Teaser,김희철 KIM HEECHUL & 김정모 KIM JUNGMO '하고 싶어 (I Wish) (KARAOKE Ver.)' MV
Red Velvet 레드벨벳 'Ice Cream Cake' MV Teaser,Red Velvet 레드벨벳 'Ice Cream Cake' MV
SUPER JUNIOR-D&E 슈퍼주니어-D&E '너는 나만큼 (Growing Pains)' MV Teaser #2,SUPER JUNIOR-D&E 슈퍼주니어-D&E '너는 나만큼 (Growing Pains)' MV
SUPER JUNIOR-D&E 슈퍼주니어-D&E '너는 나만큼 (Growing Pains)' MV Teaser #1,SUPER JUNIOR-D&E 슈퍼주니어-D&E '너는 나만큼 (Growing Pains)' MV
AMBER 엠버 'SHAKE THAT BRASS' MV Teaser #3 with friends,AMBER 엠버 'SHAKE THAT BRASS (Feat. 태연 (소녀시대))' MV
AMBER 엠버 'SHAKE THAT BRASS' MV Teaser #2 with TAEYEON,AMBER 엠버 'SHAKE THAT BRASS (Feat. 태연 (소녀시대))' MV
AMBER 엠버 'SHAKE THAT BRASS' MV Teaser #1,AMBER 엠버 'SHAKE THAT BRASS (Feat. 태연 (소녀시대))' MV
KYUHYUN 규현 '광화문에서 (At Gwanghwamun)' MV Teaser,KYUHYUN 규현 '광화문에서 (At Gwanghwamun)' MV
ZHOUMI 조미 'Rewind (feat. 찬열 of EXO)' MV Teaser,ZHOUMI 조미 'Rewind (feat. 찬열 of EXO)' MV
ZHOUMI 조미 'Rewind (挽回) (feat. TAO of EXO)' MV Teaser,ZHOUMI 조미 'Rewind (挽回) (feat. TAO of EXO)' MV
S 에스 '하고 싶은 거 다 (Without You)' MV Teaser,S 에스 '하고 싶은 거 다 (Without You)' MV
BeatBurger 비트버거 'She So High' MV Teaser,BeatBurger 비트버거 'She So High' MV
Zhang Li Yin 장리인 '我一个人 (나 혼자서) (Not Alone)' MV Teaser,Zhang Li Yin 장리인 '我一个人 (나 혼자서) (Not Alone)' MV
Girls' Generation-TTS 소녀시대-태티서 'Holler' MV Teaser,Girls' Generation-TTS 소녀시대-태티서 'Holler' MV
SUPER JUNIOR 슈퍼주니어 'MAMACITA (아야야)' MV Teaser #2,SUPER JUNIOR 슈퍼주니어 'MAMACITA (아야야)' MV
SUPER JUNIOR 슈퍼주니어 'MAMACITA (아야야)' MV Teaser #1,SUPER JUNIOR 슈퍼주니어 'MAMACITA (아야야)' MV
TAEMIN 태민 '괴도 (Danger)' MV Teaser,TAEMIN 태민 '괴도 (Danger)' MV
Red Velvet 레드벨벳 '행복 (Happiness)' MV Teaser,Red Velvet 레드벨벳 '행복 (Happiness)' MV
Zhang Li Yin 장리인 '爱的独白 (사랑의 독백) (Agape)' MV Teaser,Zhang Li Yin 장리인 '爱的独白 (사랑의 독백) (Agape)' MV
Henry 헨리 'Fantastic' MV Teaser,HENRY 헨리 'Fantastic' MV
f(x) 에프엑스 'Red Light' MV Teaser,f(x) 에프엑스 'Red Light' MV
EXO-M 엑소엠 '上瘾(Overdose)' MV Teaser,EXO-M 엑소엠 '上瘾(Overdose)' MV
EXO-K 엑소케이 '중독(Overdose)' MV Teaser,EXO-K 엑소케이 '중독(Overdose)' MV
TVXQ! 동방신기 '수리수리 (Spellbound)' MV Teaser,TVXQ! 동방신기 '수리수리 (Spellbound)' MV
TVXQ! 동방신기 'Something' MV Teaser,TVXQ! 동방신기 'Something' MV
SUPER JUNIOR-D&E 슈퍼주니어-D&E '아직도 난 (Still You)' MV Teaser,SUPER JUNIOR-D&E 슈퍼주니어-D&E '아직도 난 (Still You)' MV
SHINee 샤이니 'Everybody' MV Teaser,SHINee 샤이니 'Everybody' MV
Henry 헨리 '1-4-3 (I Love You) (feat. f(Amber))' MV Teaser,HENRY 헨리 '1-4-3 (I Love You) (feat. f(Amber))' MV
f(x) 에프엑스 '첫 사랑니 (Rum Pum Pum Pum)' MV Teaser,f(x) 에프엑스 '첫 사랑니 (Rum Pum Pum Pum)' MV
SHINee 샤이니 'Why So Serious?' MV Teaser,SHINee 샤이니 'Why So Serious?' MV
SHINee 샤이니 'Dream Girl' MV Teaser,SHINee 샤이니 'Dream Girl' MV
SUPER JUNIOR-M 슈퍼주니어-M 'Break Down' MV Teaser,SUPER JUNIOR-M 슈퍼주니어-M 'Break Down' MV
TVXQ! 동방신기 'Humanoids' MV Teaser,TVXQ! 동방신기 'Humanoids' MV
YOUNIQUE UNIT 'MAXSTEP' MV Teaser,YOUNIQUE UNIT 'MAXSTEP' MV
TVXQ! 동방신기 'Catch Me' MV Teaser,TVXQ! 동방신기 'Catch Me' MV
SUPER JUNIOR 슈퍼주니어 'SPY' MV Teaser,SUPER JUNIOR 슈퍼주니어 'SPY' MV
"SUPER JUNIOR 슈퍼주니어 'Sexy, Free & Single' MV Teaser","SUPER JUNIOR 슈퍼주니어 'Sexy, Free & Single' MV"
f(x) 에프엑스 'Electric Shock' MV Teaser,f(x) 에프엑스 'Electric Shock' MV
Girls' Generation 少女時代 'PAPARAZZI' MV Teaser,Girls' Generation 少女時代 'PAPARAZZI' MV
SHINee 샤이니 'Sherlock•셜록 (Clue + Note)' MV Teaser,SHINee 샤이니 'Sherlock•셜록 (Clue + Note)' MV
TRAX 트랙스 'Blind 창문' MV Teaser,TRAX 트랙스 'Blind 창문' MV
SUPER JUNIOR 슈퍼주니어 'A-CHA' MV Teaser,SUPER JUNIOR 슈퍼주니어 'A-CHA' MV
Girls' Generation 少女時代 'BAD GIRL' MV Teaser,Girls' Generation 少女時代 'BAD GIRL' MV
SUPER JUNIOR 슈퍼주니어 'Mr. Simple' MV Teaser #2,SUPER JUNIOR 슈퍼주니어 'Mr. Simple' MV
SUPER JUNIOR 슈퍼주니어 'Mr. Simple' MV Teaser #1,SUPER JUNIOR 슈퍼주니어 'Mr. Simple' MV
Girls' Generation 소녀시대 '비주얼 드림 (POP! POP!)' MV Teaser,Girls' Generation 소녀시대 '비주얼 드림 (POP! POP!) MV
SHINee 샤이니 '산소 같은 너 (Love like Oxygen)' MV Teaser,SHINee 샤이니 '산소 같은 너 (Love like Oxygen)' MV
SHINee 샤이니 'Juliette (줄리엣)' MV Teaser,SHINee 샤이니 'Juliette (줄리엣)' MV
The Grace - DANA&SUNDAY 천상지희 다나&선데이 '나 좀 봐줘' MV Teaser,The Grace - DANA&SUNDAY 천상지희 다나&선데이 '나 좀 봐줘' MV
f(x) 에프엑스 'Hot Summer' MV Teaser,f(x) 에프엑스 'Hot Summer' MV
f(x) 에프엑스 '피노키오 (Danger)' MV Teaser,f(x) 에프엑스 '피노키오 (Danger)' MV
TVXQ! 동방신기 '이것만은 알고 가 (Before U Go)' MV Teaser,TVXQ! 동방신기 '이것만은 알고 가 (Before U Go)' MV
SHINee 샤이니 'Hello' MV Teaser,SHINee 샤이니 'Hello' MV
"KANGTA 강타 '愛, 頻率' MV Teaser","KANGTA 강타 '愛, 頻率' MV"
TRAX 트랙스 '오! 나의 여신님 (Oh! My Goddess)' MV Teaser,TRAX 트랙스 '오! 나의 여신님 (Oh! My Goddess)' MV
SUPER JUNIOR 슈퍼주니어 '미인아 (Bonamana)' MV Teaser,SUPER JUNIOR 슈퍼주니어 '미인아 (Bonamana)' MV
Girls' Generation 소녀시대 'Oh!' MV Teaser,Girls' Generation 소녀시대 'Oh!' MV
TRAX 트랙스 '가슴이 차가운 남자 (Let You Go)' MV Teaser,TRAX 트랙스 '가슴이 차가운 남자 (Let You Go)' MV
Nadia 나디아 '마비 (Feat. Jace)' MV Teaser,Nadia 나디아 '마비 (Feat. Jace)' MV
f(x) 에프엑스 'Chu~♡' MV Teaser,f(x) 에프엑스 'Chu~♡' MV
Zhang Li Yin 장리인 '晴天雨天 (Moving On)' MV Teaser,Zhang Li Yin 장리인 '晴天雨天 (Moving On)' MV
f(x) 에프엑스 'Chocolate Love' MV Teaser,f(x) 에프엑스 'Chocolate Love' MV
Girls' Generation 소녀시대 'Chocolate Love' MV Teaser,Girls' Generation 소녀시대 'Chocolate Love' MV
f(x) 에프엑스 '라차타 (LA chA TA)' MV Teaser,f(x) 에프엑스 '라차타 (LA chA TA)' MV
iKON - '너라는 이유 (BUT YOU)' M/V TEASER,iKON - '너라는 이유 (BUT YOU)' M/V
iKON - ‘왜왜왜 (Why Why Why)’ M/V TEASER,iKON - ‘왜왜왜 (Why Why Why)’ M/V
BOBBY - '야 우냐 (U MAD)' M/V TEASER #2,BOBBY - '야 우냐 (U MAD)' M/V
BOBBY - '야 우냐 (U MAD)' M/V TEASER #1,BOBBY - '야 우냐 (U MAD)' M/V
iKON - '뛰어들게(Dive)' M/V TEASER #2,iKON - '뛰어들게(Dive)' M/V
iKON - '뛰어들게(Dive)' M/V TEASER,iKON - '뛰어들게(Dive)' M/V
iKON - 'I'M OK' M/V TEASER,iKON - 'I'M OK' M/V
iKON - ‘죽겠다(KILLING ME)’ M/V TEASER 2,iKON - '죽겠다(KILLING ME)' M/V
iKON - ‘죽겠다(KILLING ME)’ M/V TEASER,iKON - '죽겠다(KILLING ME)' M/V
BOBBY - ‘사랑해(I LOVE YOU)’ M/V TEASER,BOBBY - ‘사랑해(I LOVE YOU)’ M/V
BOBBY - ‘RUNAWAY’ M/V TEASER,BOBBY - ‘RUNAWAY’ M/V
WINNER - ‘I LOVE U’ M/V TEASER,WINNER - ‘I LOVE U’ M/V
강승윤 (KANG SEUNG YOON) - 'BORN TO LOVE YOU’ M/V TEASER,강승윤 (KANG SEUNG YOON) - 'BORN TO LOVE YOU' M/V
MINO - '탕!♡ (TANG!♡)' M/V TEASER,MINO - '탕!♡ (TANG!♡)' M/V
강승윤(KANG SEUNG YOON) - '아이야 (IYAH)' M/V TEASER #2,강승윤(KANG SEUNG YOON) - '아이야 (IYAH)' M/V
강승윤(KANG SEUNG YOON) - '아이야 (IYAH)' M/V TEASER,강승윤(KANG SEUNG YOON) - '아이야 (IYAH)' M/V
MINO - '도망가 (Run away)’ M/V TEASER #2,MINO - ‘도망가 (Run away)’ M/V
MINO - '도망가 (Run away)’ M/V TEASER #1,MINO - ‘도망가 (Run away)’ M/V
WINNER - 'Remember' M/V TEASER #2,WINNER - 'Remember' M/V
WINNER - 'Remember' M/V TEASER #1,WINNER - 'Remember' M/V
WINNER - '뜸(Hold)' M/V TEASER #2,WINNER - '뜸(Hold)' M/V
WINNER - '뜸(Hold)' M/V TEASER #1,WINNER - '뜸(Hold)' M/V
JINU - '또또또 (Feat.MINO)' M/V TEASER #2,JINU - '또또또 (Feat.MINO)' M/V
JINU - '또또또 (Feat.MINO)' M/V TEASER #1,JINU - '또또또 (Feat.MINO)' M/V
WINNER - ‘AH YEAH (아예)’ M/V TEASER,WINNER - 'AH YEAH (아예)' M/V
WINNER - 'MILLIONS' M/V TEASER #2,WINNER - 'MILLIONS' M/V
WINNER - 'MILLIONS' M/V TEASER #1,WINNER - 'MILLIONS' M/V
MINO(송민호) - ‘아낙네 (FIANCÉ)’ M/V TEASER,MINO(송민호) - '아낙네 (FIANCÉ)' M/V
WINNER - ‘EVERYDAY’ M/V TEASER : DIRECTOR’S CUT,WINNER - 'EVERYDAY' M/V
WINNER - ‘EVERYDAY’ M/V TEASER,WINNER - 'EVERYDAY' M/V
WINNER - ‘ISLAND’ M/V TEASER,WINNER - 'ISLAND' M/V
WINNER - ‘LOVE ME LOVE ME’ M/V TEASER,WINNER - 'LOVE ME LOVE ME' M/V
WINNER - ‘FOOL’ M/V TEASER,WINNER - 'FOOL' M/V
WINNER - ‘REALLY REALLY’ M/V TEASER,WINNER - 'REALLY REALLY' M/V
"SEUNGRI - ‘셋 셀테니 (1, 2, 3!)’ M/V TEASER","SEUNGRI - '셋 셀테니 (1, 2, 3!)' M/V"
TAEYANG - 'WAKE ME UP' M/V TEASER,TAEYANG - ‘WAKE ME UP’ M/V
TAEYANG - 'DARLING' M/V TEASER,TAEYANG - ‘DARLING' M/V
BIGBANG - ‘LAST DANCE’ M/V TEASER,BIGBANG - ‘LAST DANCE’ M/V
BIGBANG - ‘에라 모르겠다(FXXK IT)’ M/V TEASER,BIGBANG - ‘에라 모르겠다(FXXK IT)’ M/V
G-DRAGON - ONE OF A KIND M/V Teaser,G-DRAGON - ONE OF A KIND M/V
"Stray Kids ""CASE 143"" M/V Teaser 2","Stray Kids ""CASE 143"" M/V"
"Stray Kids ""CASE 143"" M/V Teaser 1","Stray Kids ""CASE 143"" M/V"
"NMIXX ""DICE"" M/V Teaser 2","NMIXX ""DICE"" M/V"
"NMIXX ""DICE"" M/V Teaser","NMIXX ""DICE"" M/V"
"Bernard Park ""All day"" M/V Teaser","Bernard Park ""All day"" M/V"
BOY STORY 'WW' M/V Teaser 2,BOY STORY 'WW' M/V
BOY STORY 'WW' M/V Teaser 1,BOY STORY 'WW' M/V
BOY STORY 'WW' M/V Teaser 6 #ZEYU,BOY STORY 'WW' M/V
BOY STORY 'WW' M/V Teaser 5 #ZIHAO,BOY STORY 'WW' M/V
"DAY6 (Even of Day) ""해변의 달링"" M/V Teaser 2","DAY6 (Even of Day) ""해변의 달링"" M/V"
BOY STORY 'WW' M/V Teaser 4 #MINGRUI,BOY STORY 'WW' M/V
"DAY6 (Even of Day) ""해변의 달링"" M/V Teaser 1","DAY6 (Even of Day) ""해변의 달링"" M/V"
BOY STORY 'WW' M/V Teaser 3 #HANYU,BOY STORY 'WW' M/V
BOY STORY 'WW' M/V Teaser 2 #XINLONG,BOY STORY 'WW' M/V
BOY STORY 'WW' M/V Teaser 1 #SHUYANG,BOY STORY 'WW' M/V
"TWICE ""Talk that Talk"" M/V Teaser 2","TWICE ""Talk that Talk"" M/V"
"TWICE ""Talk that Talk"" M/V Teaser 1","TWICE ""Talk that Talk"" M/V"
"Xdinary Heroes ""Test Me"" M/V Teaser 2","Xdinary Heroes ""Test Me"" M/V"
"Xdinary Heroes ""Test Me"" M/V Teaser 1","Xdinary Heroes ""Test Me"" M/V"
"NAYEON ""POP!"" M/V Teaser 2","NAYEON ""POP!"" M/V"
"NAYEON ""POP!"" M/V Teaser 1","NAYEON ""POP!"" M/V"
"Stray Kids ""MANIAC"" M/V Teaser 1","Stray Kids ""MANIAC"" M/V"
"NMIXX ""O.O"" M/V Teaser 2","NMIXX ""O.O"" M/V"
"NMIXX ""O.O"" M/V Teaser","NMIXX ""O.O"" M/V"
"WONPIL ""Voiceless(안녕, 잘 가)"" M/V Teaser 2","WONPIL ""Voiceless(안녕, 잘 가)"" M/V"
"WONPIL ""Voiceless(안녕, 잘 가)"" M/V Teaser 1","WONPIL ""Voiceless(안녕, 잘 가)"" M/V"
"Xdinary Heroes ""Happy Death Day"" M/V Teaser","Xdinary Heroes ""Happy Death Day"" M/V"
"Stray Kids ""Christmas EveL"" M/V Teaser 2","Stray Kids ""Christmas EveL"" M/V"
"Stray Kids ""Winter Falls"" M/V Teaser 1","Stray Kids ""Winter Falls"" M/V"
"Stray Kids ""Christmas EveL"" M/V Teaser 1","Stray Kids ""Christmas EveL"" M/V"
"Bernard Park ""Bad Influence"" M/V Teaser","Bernard Park ""Bad Influence"" M/V"
TWICE “SCIENTIST” M/V Teaser 2,TWICE “SCIENTIST” M/V
TWICE “SCIENTIST” M/V Teaser 1,TWICE “SCIENTIST” M/V
"DOWOON ""Out of the Blue (문득) (Duet with Song Heejin)"" M/V Teaser","DOWOON ""Out of the Blue (문득) (Duet with Song Heejin)"" M/V"
"Young K ""Guard You(끝까지 안아 줄게)"" M/V Teaser","Young K ""Guard You(끝까지 안아 줄게)"" M/V"
"Stray Kids ""소리꾼(Thunderous)"" M/V Teaser 2","Stray Kids ""소리꾼(Thunderous)"" M/V"
"Stray Kids ""소리꾼(Thunderous)"" M/V Teaser 1","Stray Kids ""소리꾼(Thunderous)"" M/V"
"DAY6 (Even of Day) ""Right Through Me(뚫고 지나가요)"" M/V Teaser","DAY6 (Even of Day) ""Right Through Me(뚫고 지나가요)"" M/V"
"2PM ""해야 해"" M/V Teaser","2PM ""해야 해"" M/V"
"TWICE ""Alcohol-Free"" M/V Teaser02","TWICE ""Alcohol-Free"" M/V"
"TWICE ""Alcohol-Free"" M/V Teaser01","TWICE ""Alcohol-Free"" M/V"
"DAY6 ""You make Me"" M/V Teaser","DAY6 ""You make Me"" M/V"
"JUN. K (준케이) ""30분은 거절할까 봐"" M/V Teaser #2","JUN. K (준케이) ""30분은 거절할까 봐"" M/V"
"JUN. K (준케이) ""30분은 거절할까 봐"" M/V Teaser #1","JUN. K (준케이) ""30분은 거절할까 봐"" M/V"
"GOT7 ""Breath (넌 날 숨 쉬게 해)"" M/V TEASER","GOT7 ""Breath (넌 날 숨 쉬게 해)"" M/V"
"Stray Kids ""Back Door"" M/V Teaser","Stray Kids ""Back Door"" M/V"
"Stray Kids ""神메뉴(God's Menu)"" M/V Teaser","Stray Kids ""神메뉴(God's Menu)"" M/V"
"TWICE ""MORE & MORE"" M/V TEASER *THE DANCE BREAK*","TWICE ""MORE & MORE"" M/V"
"TWICE ""MORE & MORE"" M/V TEASER","TWICE ""MORE & MORE"" M/V"
"DAY6 ""Zombie"" M/V Teaser","DAY6 ""Zombie"" M/V"
"GOT7 ""NOT BY THE MOON"" M/V TEASER 2","GOT7 ""NOT BY THE MOON"" M/V"
"GOT7 ""NOT BY THE MOON"" M/V TEASER","GOT7 ""NOT BY THE MOON"" M/V"
"Stray Kids ""바보라도 알아(Mixtape : On Track)"" M/V Teaser","Stray Kids ""바보라도 알아(Mixtape : On Track)"" M/V"
"Stray Kids ""Mixtape : Gone Days"" M/V Teaser","Stray Kids ""Mixtape : Gone Days"" M/V"
"Stray Kids ""바람 (Levanter)"" M/V Teaser 2","Stray Kids ""바람 (Levanter)"" M/V"
"Stray Kids ""바람 (Levanter)"" M/V Teaser 1","Stray Kids ""바람 (Levanter)"" M/V"
"GOT7 ""니가 부르는 나의 이름(You Calling My Name)"" M/V TEASER 2","GOT7 ""니가 부르는 나의 이름(You Calling My Name)"" M/V"
"GOT7 ""니가 부르는 나의 이름(You Calling My Name)"" M/V TEASER","GOT7 ""니가 부르는 나의 이름(You Calling My Name)"" M/V"
"Yubin ""무성영화"" M/V TEASER 2","Yubin ""무성영화 (feat.윤미래)"" M/V"
"Yubin ""무성영화"" M/V TEASER","Yubin ""무성영화 (feat.윤미래)"" M/V"
"DAY6 ""Sweet Chaos"" M/V Teaser","DAY6 ""Sweet Chaos"" M/V"
"Stray Kids ""Double Knot"" M/V Teaser","Stray Kids ""Double Knot"" M/V"
"TWICE ""Feel Special"" M/V TEASER FINALE","TWICE ""Feel Special"" M/V"
"TWICE ""Feel Special"" M/V TEASER Silhouette Intro","TWICE ""Feel Special"" M/V"
"BOY STORY ""Too Busy (Feat. Jackson Wang(王嘉尔))"" M/V Teaser","BOY STORY ""Too Busy (Feat. Jackson Wang(王嘉尔))"" M/V"
"DAY6 ""Time of Our Life(한 페이지가 될 수 있게)"" M/V Teaser","DAY6 ""Time of Our Life(한 페이지가 될 수 있게)"" M/V"
"Stray Kids ""부작용(Side Effects)"" M/V Teaser 2","Stray Kids ""부작용(Side Effects)"" M/V"
"Stray Kids ""부작용(Side Effects)"" M/V Teaser 1","Stray Kids ""부작용(Side Effects)"" M/V"
"GOT7 ""ECLIPSE"" M/V TEASER 2","GOT7 ""ECLIPSE"" M/V"
"GOT7 ""ECLIPSE"" M/V TEASER","GOT7 ""ECLIPSE"" M/V"
"BOY STORY ""Oh My Gosh"" M/V Teaser (Performance ver.)","BOY STORY ""Oh My Gosh"" M/V"
"BOY STORY ""Oh My Gosh"" M/V Teaser (Story ver.)","BOY STORY ""Oh My Gosh"" M/V"
"Stray Kids ""MIROH"" M/V Teaser 2","Stray Kids ""MIROH"" M/V"
"Stray Kids ""MIROH"" M/V Teaser 1","Stray Kids ""MIROH"" M/V"
"Jus2 ""FOCUS ON ME"" M/V TEASER 2","Jus2 ""FOCUS ON ME"" M/V"
"Jus2 ""FOCUS ON ME"" M/V TEASER","Jus2 ""FOCUS ON ME"" M/V"
"GOT7 ""Miracle"" M/V Teaser Video","GOT7 ""Miracle"" M/V"
"Yubin ""Thank U Soooo Much"" M/V Teaser","Yubin ""Thank U Soooo Much"" M/V"
"BOY STORY ""Enough"" M/V Teaser Video","BOY STORY ""Enough"" M/V"
"GOT7 ""Lullaby"" M/V Teaser Video","GOT7 ""Lullaby"" M/V"
"Yubin ""숙녀 (淑女)"" M/V Teaser","Yubin ""숙녀 (淑女)"" M/V"
"TWICE ""What is Love?"" M/V TEASER 5","TWICE ""What is Love?"" M/V"
"TWICE ""What is Love?"" M/V TEASER 4","TWICE ""What is Love?"" M/V"
"TWICE ""What is Love?"" M/V TEASER 3","TWICE ""What is Love?"" M/V"
"TWICE ""What is Love?"" M/V TEASER 2","TWICE ""What is Love?"" M/V"
"TWICE ""What is Love?"" M/V TEASER","TWICE ""What is Love?"" M/V"
"TWICE ""Heart Shaker"" M/V TEASER (30s Ver.)","TWICE ""Heart Shaker"" M/V"
"TWICE ""Heart Shaker"" M/V TEASER","TWICE ""Heart Shaker"" M/V"
"TWICE ""LIKEY"" M/V TEASER 2","TWICE ""LIKEY"" M/V"
"TWICE ""LIKEY"" M/V TEASER 1","TWICE ""LIKEY"" M/V"
"GOT7 ""You Are"" M/V Teaser","GOT7 ""You Are” M/V"
"TWICE ""SIGNAL"" M/V TEASER","TWICE ""SIGNAL"" M/V"
"TWICE ""CHEER UP"" M/V TEASER 2","TWICE ""CHEER UP"" M/V"
"TWICE ""CHEER UP"" M/V TEASER 1","TWICE ""CHEER UP"" M/V"
Zion.T - '선물을 고르며(A Gift!)’ M/V Teaser,Zion.T - '선물을 고르며(A Gift!)’ M/V
LØREN - 'ALL MY FRIENDS ARE TURNING BLUE' M/V TEASER,LØREN - 'ALL MY FRIENDS ARE TURNING BLUE' M/V
JEON SOMI (전소미) - ‘XOXO’ M/V TEASER,JEON SOMI (전소미) - 'XOXO' M/V
JEON SOMI (전소미) - 'DUMB DUMB' M/V TEASER,JEON SOMI (전소미) - 'DUMB DUMB' M/V
LØREN - 'NEED (ooo-eee)' M/V TEASER,LØREN - 'NEED (ooo-eee)' M/V
LØREN - 'EMPTY TRASH' M/V TEASER,LØREN - 'EMPTY TRASH' M/V
JEON SOMI (전소미) - 'What You Waiting For' M/V TEASER 3,JEON SOMI (전소미) - 'What You Waiting For' M/V
JEON SOMI (전소미) - 'What You Waiting For' M/V TEASER 2,JEON SOMI (전소미) - 'What You Waiting For' M/V
JEON SOMI (전소미) - 'What You Waiting For' M/V TEASER 1,JEON SOMI (전소미) - 'What You Waiting For' M/V
Vince - '비상사태(EMERGENCY)’ (Feat. Zion.T) M/V Teaser,Vince - '비상사태(EMERGENCY)' (Feat. Zion.T) M/V
Zion.T - '5월의 밤(May)' M/V Teaser 2​,Zion.T - ‘5월의 밤(May)' M/V
Zion.T - '5월의 밤(May)' M/V Teaser 1,Zion.T - ‘5월의 밤(May)' M/V
Vince - ‘맨날 (MENNAL) (Feat. Okasian)’ M/V TEASER #2,Vince - ‘맨날 (MENNAL) (Feat. Okasian)’ M/V
Vince - ‘맨날 (MENNAL) (Feat. Okasian)’ M/V TEASER #1,Vince - ‘맨날 (MENNAL) (Feat. Okasian)’ M/V
JEON SOMI (전소미) - 'BIRTHDAY' M/V Teaser,JEON SOMI (전소미) - 'BIRTHDAY' M/V
Zion.T - '멋지게 인사하는 법(Hello Tutorial) (feat. 슬기 of Red Velvet)' M/V TEASER,Zion.T - '멋지게 인사하는 법(Hello Tutorial) (feat. 슬기 of Red Velvet)' M/V
